"VERSION","LOCAL","REMOTE","TRACKING","SOURCE","LOCAL_BLOB","REMOTE_STATEMENTS_MD5","CONTENT_STATUS","CLASSIFICATION","FILENAME"
"20260412000000","YES","YES","HEAD_TRACKED","HEAD_GIT_BLOB","639c10383a774cd9b823a5995873697fec1d1019","7e419a4807c70d9b40e44e4937916c11","EXACT_REMOTE_STATEMENTS","HISTORICAL_SYNCED","20260412000000_create_core_identity_business_foundation.sql"
"20260413100000","YES","YES","HEAD_TRACKED","HEAD_GIT_BLOB+REMOTE_HISTORY_ONLY_FOR_APPLIED_CONTENT","639b196113eb617ed99165ca3dbcda7a56285cd9","98b9d0726b8c202c387028325d03aa2b","REMOTE_CONTENT_UNRECOVERED","REMOTE_CONTENT_UNRECOVERED","20260413100000_create_business_subscriptions.sql"
"20260413100001","YES","YES","HEAD_TRACKED","HEAD_GIT_BLOB","6ceefe6a8b5ab4f2ae2f4853334701e8c8ffeadd","5cc178150a7182080bb0f55db84090be","EXACT_REMOTE_STATEMENTS","HISTORICAL_SYNCED","20260413100001_create_business_premium_links.sql"
"20260413100002","YES","YES","HEAD_TRACKED","EXACT_GIT_BLOB:7166f9a838ce2a5abe36efdead930b81ab9cb573@a346ba085c3893747e7371b27ad0a18fd54b9ed3","a80794dbee1a8af145dab82f179d1cfdc14246de","9ba0a7e74d7339962ab898a61591324c","EXACT_REMOTE_STATEMENTS","HISTORICAL_SYNCED","20260413100002_migrate_gastronomy_to_business_subscriptions.sql"
"20260413110000","YES","YES","HEAD_TRACKED","HEAD_GIT_BLOB","7f8005ace49ef03889275fed5cdf0dac3efa5228","579798fb229ca5be3c2243964f6958b0","EXACT_REMOTE_STATEMENTS","HISTORICAL_SYNCED","20260413110000_create_qr_codes_system.sql"
"20260413130000","YES","YES","HEAD_TRACKED","HEAD_GIT_BLOB","d99f63f81a27fa0524b6a21bb9e5fc1a0d71cad8","994038a83ec06e5caf3052abd201ef4c","EXACT_REMOTE_STATEMENTS","HISTORICAL_SYNCED","20260413130000_create_business_hours.sql"
"20260413140000","YES","YES","HEAD_TRACKED","HEAD_GIT_BLOB","ad1b48e2ea8d6ada737455c0e8aa067b381552b7","667a3e0edcfef6227588fefb3c3a6a96","EXACT_REMOTE_STATEMENTS","HISTORICAL_SYNCED","20260413140000_create_delivery_areas.sql"
"20260413160000","YES","YES","HEAD_TRACKED","HEAD_GIT_BLOB","18de5e79da0fc743576bd6e67d13e959477b19f3","28bd7ba54d7b378bd3072d58efa5fee7","EXACT_REMOTE_STATEMENTS","HISTORICAL_SYNCED","20260413160000_create_delivery_system.sql"
"20260413170000","YES","YES","HEAD_TRACKED","HEAD_GIT_BLOB","63589716098c09464c4453bb442637522b420bb8","fc2055a2c3b94379b46313c3143cd4af","EXACT_REMOTE_STATEMENTS","HISTORICAL_SYNCED","20260413170000_create_analytics_system.sql"
"20260414110000","YES","YES","HEAD_TRACKED","HEAD_GIT_BLOB","197a12ac39c5f77f044287f9c20c80ee390c3b31","2b11ab341a8a13319d8c54ed9c880ab1","EXACT_REMOTE_STATEMENTS","HISTORICAL_SYNCED","20260414110000_reconcile_mobility_motoboy_ssot.sql"
"20260414200000","YES","YES","HEAD_TRACKED","HEAD_GIT_BLOB","5e77b63285a1900aff4b03b7bd945ec8f98c854c","3227841844c4fb7e5cfba6a2dd823726","EXACT_REMOTE_STATEMENTS","HISTORICAL_SYNCED","20260414200000_fix_create_profile_driver_capabilities.sql"
"20260415000000","YES","YES","HEAD_TRACKED","EXACT_GIT_BLOB:8841a3fca7177e6d4b09e96c5a4d28bf652cafe1@a346ba085c3893747e7371b27ad0a18fd54b9ed3","523b4f153e31b02ebc4a2fe7fff349d3558f0055","9f40e33dd3ca655e884ac5856e1c14f5","EXACT_REMOTE_STATEMENTS","HISTORICAL_SYNCED","20260415000000_create_activity_feed_system.sql"
"20260415100000","YES","YES","HEAD_TRACKED","HEAD_GIT_BLOB","20b211f564bb71fd3736587b7520c7f1904d56f7","4b411503819deca3554ba27825b632ab","EXACT_REMOTE_STATEMENTS","HISTORICAL_SYNCED","20260415100000_create_orders_system.sql"
"20260415110000","YES","YES","HEAD_TRACKED","HEAD_GIT_BLOB","8c488dd8f16e7d95032e750627b06160ab903945","028f182253b0a7517c530a381a272cbf","EXACT_REMOTE_STATEMENTS","HISTORICAL_SYNCED","20260415110000_fix_delivery_functions.sql"
"20260416000000","YES","YES","HEAD_TRACKED","HEAD_GIT_BLOB","47a4e0482d72287d8c31b5cc015841c39054f26a","982a589e0124c9f4dc065154aef017d5","EXACT_REMOTE_STATEMENTS","HISTORICAL_SYNCED","20260416000000_create_ride_offers.sql"
"20260416100000","YES","YES","HEAD_TRACKED","HEAD_GIT_BLOB","2acee0c284c478789cb1abb88221c640857d73cc","e5f2c245b13b12530b66e167574e9093","EXACT_REMOTE_STATEMENTS","HISTORICAL_SYNCED","20260416100000_create_billing_plans.sql"
"20260416100001","YES","YES","HEAD_TRACKED","HEAD_GIT_BLOB","94d67b7472139211e1b5e13572ea5e2e40dcab07","7a8acc4c63705ebcfa94fe397566ab33","EXACT_REMOTE_STATEMENTS","HISTORICAL_SYNCED","20260416100001_create_subscription_plans.sql"
"20260416110000","YES","YES","HEAD_TRACKED","HEAD_GIT_BLOB+REMOTE_HISTORY_ONLY_FOR_APPLIED_CONTENT","21a3015e1a92060d41ea83c12b6fa796757615e1","113f51355b09e320b68cf89cd9246569","REMOTE_CONTENT_UNRECOVERED","REMOTE_CONTENT_UNRECOVERED","20260416110000_create_vagas.sql"
"20260416120000","YES","YES","HEAD_TRACKED","EXACT_GIT_BLOB:b62ca3b983689a15152b95f4b92dc04673b19ce2@a5451d9d410be40578b5a84e9f8c71c7c4669d83","8052b5bb08e65a148444e71c2c9dc8a32a5dcba6","1b98ceda494a57933231c7e810787c3a","EXACT_REMOTE_STATEMENTS","HISTORICAL_SYNCED","20260416120000_seed_vagas.sql"
"20260416130000","YES","YES","HEAD_TRACKED","EXACT_GIT_BLOB:dc02e9c0e6fe84271fb633980603b6bc2dd628d4@a5451d9d410be40578b5a84e9f8c71c7c4669d83","c563dd8ce120780417fa0bb9bdf0569bd03bf1dc","9c6f4b62e3e70755d165c833ebb6f410","EXACT_REMOTE_STATEMENTS","HISTORICAL_SYNCED","20260416130000_fix_vagas_location.sql"
"20260416140000","YES","YES","HEAD_TRACKED","EXACT_GIT_BLOB:79d976f30fb5fea3a367250e81027579a9834bff@a5451d9d410be40578b5a84e9f8c71c7c4669d83","62c5f82f543ba60508ad02023748d56f12b24b6f","55fa32d914e5c806356c25d9c86874b0","EXACT_REMOTE_STATEMENTS","HISTORICAL_SYNCED","20260416140000_fix_vagas_to_correct_salvador.sql"
"20260416150000","YES","YES","HEAD_TRACKED","EXACT_GIT_BLOB:796fedd3251dcc94c3f85e38497527b73e2a57ac@a5451d9d410be40578b5a84e9f8c71c7c4669d83","d4a002f0ccc71a6ecf585e580b53189b719214d3","0b54c8759be8700119928a186554d470","EXACT_REMOTE_STATEMENTS","HISTORICAL_SYNCED","20260416150000_add_vagas_missing_fields.sql"
"20260416180000","YES","YES","HEAD_TRACKED","HEAD_GIT_BLOB","fc14249756da8a620ce2ab3753557e00169614bb","cddea97e407bb856aae8351d442b88dc","EXACT_REMOTE_STATEMENTS","HISTORICAL_SYNCED","20260416180000_fix_vagas_types.sql"
"20260416190000","YES","YES","HEAD_TRACKED","EXACT_GIT_BLOB:b5800c9f5cc20931420e69b713bf1bcb6bce05ef@a5451d9d410be40578b5a84e9f8c71c7c4669d83","140a8b44ce9fc9758a99f768c517473a45a9d43e","084b15cd76cf68e20e02e2a5354de123","EXACT_REMOTE_STATEMENTS","HISTORICAL_SYNCED","20260416190000_migrate_vaga_status_enum.sql"
"20260417100000","YES","YES","HEAD_TRACKED","HEAD_GIT_BLOB","4904fbf96882e8a0a9620d7ed6168d8d975bf49b","00b95c70117bf765d8f566d2fbc54973","EXACT_REMOTE_STATEMENTS","HISTORICAL_SYNCED","20260417100000_fix_vagas_urgencia_highlight.sql"
"20260417100001","YES","YES","HEAD_TRACKED","HEAD_GIT_BLOB","a03c5ca51feb99c71b7dcfcf452eb8fc0561ed9f","eb76eb0156216558af8c8aa5d10e07ed","EXACT_REMOTE_STATEMENTS","HISTORICAL_SYNCED","20260417100001_backfill_vagas_highlight_type_from_destaque.sql"
"20260417113000","YES","YES","HEAD_TRACKED","HEAD_GIT_BLOB","85f637676b250c762df6b2716b73eed54cb687ed","e2b5de5725223a15b2d02d1761c1bb58","EXACT_REMOTE_STATEMENTS","HISTORICAL_SYNCED","20260417113000_harden_vagas_publish_permissions.sql"
"20260417131500","YES","YES","HEAD_TRACKED","HEAD_GIT_BLOB","6e9ed9cd66e4d67ca5ae11285568c30c23187c10","933a56a8161951c78cd3c7db7f9d8a1d","EXACT_REMOTE_STATEMENTS","HISTORICAL_SYNCED","20260417131500_add_business_can_post_vagas.sql"
"20260418000001","YES","YES","HEAD_TRACKED","HEAD_GIT_BLOB","aec479a8ad2e4dffb53534667212492ccc978949","cd8b4d4b1c678b6e14ce2abf2a27f4dc","EXACT_REMOTE_STATEMENTS","HISTORICAL_SYNCED","20260418000001_migrate_user_roles_to_new_structure.sql"
"20260418010000","YES","YES","HEAD_TRACKED","HEAD_GIT_BLOB","84e6c5db7aefe3dd0de820628b7f8a42ad85e022","187b38428181b73d67511771d4897ccd","EXACT_REMOTE_STATEMENTS","HISTORICAL_SYNCED","20260418010000_update_profiles_system.sql"
"20260418020000","YES","YES","HEAD_TRACKED","EXACT_GIT_BLOB:dbe6e6d93eb6006327a66182e7d9005539f71054@ef0144e1cf05afa476db118b8dbc25714891d5ac","d188564e97be8600f83c88690d61ca3aa413e6fd","9b01b78c70a8496f86b791b7c46cfd3f","EXACT_REMOTE_STATEMENTS","HISTORICAL_SYNCED","20260418020000_create_locations_system.sql"
"20260418030000","YES","YES","HEAD_TRACKED","HEAD_GIT_BLOB","6dd71e104b5300ea9dca4a8b4186ce5e7cf5e75b","b4083d59c5ee306bb054b7adf7a1adc3","EXACT_REMOTE_STATEMENTS","HISTORICAL_SYNCED","20260418030000_create_business_domain.sql"
"20260418040000","YES","YES","HEAD_TRACKED","EXACT_GIT_BLOB:9357f2574978af9be5cc96c883f252514d29f307@ef0144e1cf05afa476db118b8dbc25714891d5ac","c133dde515428c5fca4a72fe9ec54fe1de0b0159","fc84cd34e7890428a73ea5f86ff8f9b6","EXACT_REMOTE_STATEMENTS","HISTORICAL_SYNCED","20260418040000_create_gastronomy_domain.sql"
"20260418050000","YES","YES","HEAD_TRACKED","EXACT_GIT_BLOB:9484251d31a1897948f9c4bc7e51071ff5cade2f@ef0144e1cf05afa476db118b8dbc25714891d5ac","0933c90231bfdc2a7ee46fd50f2d18d1d98e0ce9","728cb850102de4c72aadc5f0946e9538","EXACT_REMOTE_STATEMENTS","HISTORICAL_SYNCED","20260418050000_create_classifieds_professional_domain.sql"
"20260418060000","YES","YES","HEAD_TRACKED","HEAD_GIT_BLOB","47a9573cf86179e7594461182e6f5b730e274698","fc93a535f54a351492568f14e267a28a","EXACT_REMOTE_STATEMENTS","HISTORICAL_SYNCED","20260418060000_create_community_domain.sql"
"20260418070000","YES","YES","HEAD_TRACKED","EXACT_GIT_BLOB:09d93c8d0e3928dba50fbe15760932012444806d@0d0fefa4cba0c1b72f7b59533b3421d614470d2b","2c0014af681fd85f1d55426a9572bfbe2bdd5def","43513177e8d319ba91f6ee8281d5c2f6","EXACT_REMOTE_STATEMENTS","HISTORICAL_SYNCED","20260418070000_create_mobility_domain.sql"
"20260418080000","YES","YES","HEAD_TRACKED","HEAD_GIT_BLOB","ac610d20008a67fa2275bcae1afe4f27c121141c","c452b12ee2c7ce2e40273076cff0ee6d","EXACT_REMOTE_STATEMENTS","HISTORICAL_SYNCED","20260418080000_create_other_domains.sql"
"20260418090000","YES","YES","HEAD_TRACKED","HEAD_GIT_BLOB","19f14c021fdaa528ad42d0124272c20707bfa05c","5e1419fb68a92d991b7110a59bd43c01","EXACT_REMOTE_STATEMENTS","HISTORICAL_SYNCED","20260418090000_configure_storage_buckets.sql"
"20260418120000","YES","YES","HEAD_TRACKED","HEAD_GIT_BLOB","d9bfd7c1fbcb4621cc740763f49c2777d358916c","c72bb1fc9f5528c460aaa02e3909b15d","EXACT_REMOTE_STATEMENTS","HISTORICAL_SYNCED","20260418120000_create_function_audit.sql"
"20260418130000","YES","YES","HEAD_TRACKED","HEAD_GIT_BLOB","d20a848288167be853fedfb55e44a3d4dfbd7d49","85489bacb4e9ff13bb1cfda1c9680f79","EXACT_REMOTE_STATEMENTS","HISTORICAL_SYNCED","20260418130000_enforce_mfa_for_admins.sql"
"20260418140000","YES","YES","HEAD_TRACKED","HEAD_GIT_BLOB","441f5d7b90730c8816ce56914bd218686e76a595","cf65eb621896af3dd732a7554861945b","EXACT_REMOTE_STATEMENTS","HISTORICAL_SYNCED","20260418140000_create_user_sessions.sql"
"20260418150001","YES","YES","HEAD_TRACKED","HEAD_GIT_BLOB","fcbf643fc30d2696a5d126aa94e26d7d9ead9063","0bfba480a915b5fdc744f1391165078b","EXACT_REMOTE_STATEMENTS","HISTORICAL_SYNCED","20260418150001_alter_user_subscriptions.sql"
"20260418160000","YES","YES","HEAD_TRACKED","HEAD_GIT_BLOB","aa0e4a78fedf0ec122ddb3a7f8115a81ee5d98c1","6910f452af6fd33a9dd079a281c2f27a","EXACT_REMOTE_STATEMENTS","HISTORICAL_SYNCED","20260418160000_create_billing_webhooks.sql"
"20260418170001","YES","YES","HEAD_TRACKED","HEAD_GIT_BLOB","5e27c818f37da34dcce0449cb6e40b11ddb78b1c","c43e64faf7b2c714fe78149d5a642e27","EXACT_REMOTE_STATEMENTS","HISTORICAL_SYNCED","20260418170001_alter_notifications_system.sql"
"20260419000000","YES","YES","HEAD_TRACKED","HEAD_GIT_BLOB","ef20dd6b156eca9998cbda2c4520f6d41e40d564","b814abedd3030ad0a86b0e41daf49e36","EXACT_REMOTE_STATEMENTS","HISTORICAL_SYNCED","20260419000000_create_ride_reports.sql"
"20260419000001","YES","YES","HEAD_TRACKED","EXACT_GIT_BLOB:bbc9d641cfad12ae75066b94586f0be221382c9b@0d0fefa4cba0c1b72f7b59533b3421d614470d2b","b79cd4a72732733bb11129f1ae0b2aaac8b8d02b","9e83cb5e436851563485da50f30addac","EXACT_REMOTE_STATEMENTS","HISTORICAL_SYNCED","20260419000001_create_performance_indexes.sql"
"20260419000002","YES","YES","HEAD_TRACKED","HEAD_GIT_BLOB","31293a4c2081753cd5576eb2788b93dc514d7aaa","d5f28d8168098bbe9d2796aa8f1bcf7b","EXACT_REMOTE_STATEMENTS","HISTORICAL_SYNCED","20260419000002_create_api_cache.sql"
"20260419000003","YES","YES","HEAD_TRACKED","HEAD_GIT_BLOB","504ac1068dc0f6ac6be134d8169df6cf6cfb288a","c5249122bc6e96a2412c12697f90f558","EXACT_REMOTE_STATEMENTS","HISTORICAL_SYNCED","20260419000003_create_application_logs.sql"
"20260419000004","YES","YES","HEAD_TRACKED","HEAD_GIT_BLOB","ebf4d855c513b8581d5f858710f80ea91ec9499c","d8007a50a4912dcb32961ab4bbf5c208","EXACT_REMOTE_STATEMENTS","HISTORICAL_SYNCED","20260419000004_enhance_analytics_events.sql"
"20260419100000","YES","YES","HEAD_TRACKED","HEAD_GIT_BLOB","8b6d0436593c378fbd87550786f893e663fa92ae","bef6fc0e0de46c500cff9411a522ce42","EXACT_REMOTE_STATEMENTS","HISTORICAL_SYNCED","20260419100000_create_lost_found_system.sql"
"20260419110000","YES","YES","HEAD_TRACKED","HEAD_GIT_BLOB","6fe9652e748c833e2e2bdf0b90ce1dbeeb2fc583","95f5f4539a3561984bf4876394e7b16f","EXACT_REMOTE_STATEMENTS","HISTORICAL_SYNCED","20260419110000_grant_admin_full_access.sql"
"20260419120000","YES","YES","HEAD_TRACKED","HEAD_GIT_BLOB","922c1ce8f1be2b66536d6ea5a0ac62f05931bf6d","430ea947f521903420bc7cd4a003e16b","EXACT_REMOTE_STATEMENTS","HISTORICAL_SYNCED","20260419120000_create_spatial_search_functions.sql"
"20260419130000","YES","YES","HEAD_TRACKED","HEAD_GIT_BLOB","934d6769036498030dd840464fb499a6a20ad78a","5f59359037ce538e36456d5ea1d78401","EXACT_REMOTE_STATEMENTS","HISTORICAL_SYNCED","20260419130000_fix_spatial_search_alerts.sql"
"20260419140000","YES","YES","HEAD_TRACKED","EXACT_GIT_BLOB:6801a1757832d7acb01f83d9213480029b40a405@697d8b15fae741efa86bc43174b8578514def065","6c13bb9bde040116ab9cba0cb0c9ed2a008b64eb","051a9dd3e0af0814b6bd050b858afbc6","EXACT_REMOTE_STATEMENTS","HISTORICAL_SYNCED","20260419140000_community_alerts_territorial_integration.sql"
"20260419141000","YES","YES","HEAD_TRACKED","EXACT_GIT_BLOB:337215cfa9ea6c549de4494d4098a3057644eb00@697d8b15fae741efa86bc43174b8578514def065","90e83673c998fb06cde647fac1755bd8459ccf8a","a82097808aa26e64042842f62118db24","EXACT_REMOTE_STATEMENTS","HISTORICAL_SYNCED","20260419141000_update_rpc_and_view.sql"
"20260419142000","YES","YES","HEAD_TRACKED","HEAD_GIT_BLOB","a4664fc2393a3a98cb38ebfdb1a7f932be132d3c","2e23601866f9bb7deb7810904e868f77","EXACT_REMOTE_STATEMENTS","HISTORICAL_SYNCED","20260419142000_enable_alert_spatial_search.sql"
"20260419150000","YES","YES","HEAD_TRACKED","HEAD_GIT_BLOB","64770d0164a36b0887cdc0a05c17cc11572bde08","3e4533f363d4a053647b68075e61d942","EXACT_REMOTE_STATEMENTS","HISTORICAL_SYNCED","20260419150000_create_lgpd_user_consents.sql"
"20260419150001","YES","YES","HEAD_TRACKED","HEAD_GIT_BLOB","9319e281e08fb4e875f2de66ab92bf2e8075cc03","702469ded9296553b1ddc5fb7e79ae5e","EXACT_REMOTE_STATEMENTS","HISTORICAL_SYNCED","20260419150001_create_lgpd_pii_access_log.sql"
"20260419150002","YES","YES","HEAD_TRACKED","EXACT_GIT_BLOB:d1e69cfccc26e06393ad4143339f2353035e85a1@67ea68c70633b0c8a3c758df2df2a6485287f888","8283523b7f8f83177757870e88e7d7c160296cee","2ff375b45c4a173e1f389497f971663e","EXACT_REMOTE_STATEMENTS","HISTORICAL_SYNCED","20260419150002_create_user_deletion_schedule.sql"
"20260419150003","YES","YES","HEAD_TRACKED","HEAD_GIT_BLOB","b7c26cb4443f1e63dad1838f3231b6ac5b5331aa","96e38775595c642e0419138565c80792","EXACT_REMOTE_STATEMENTS","HISTORICAL_SYNCED","20260419150003_create_dpo_requests.sql"
"20260419160000","YES","YES","HEAD_TRACKED","HEAD_GIT_BLOB","0174bfdb840c8d9d6371521e2479427a6e9f9aaf","2b17c6ab58bc5264bc9da58886857700","EXACT_REMOTE_STATEMENTS","HISTORICAL_SYNCED","20260419160000_create_driver_moderation_events.sql"
"20260420000000","YES","YES","HEAD_TRACKED","HEAD_GIT_BLOB","5764da9583869aac0b7856412b07aa5b733f3ac9","4d4736e71d5e8bc36f68960c7f21c917","EXACT_REMOTE_STATEMENTS","HISTORICAL_SYNCED","20260420000000_fix_auth_triggers_schema_drift.sql"
"20260420100000","YES","YES","HEAD_TRACKED","HEAD_GIT_BLOB","c97e2e2f65fa5c42cec2a53b5b275c5a28355cb7","92362c03e6e02ecc23276b5bc5ac4823","EXACT_REMOTE_STATEMENTS","HISTORICAL_SYNCED","20260420100000_fix_storage_ownership_and_pii_access.sql"
"20260421000001","YES","YES","HEAD_TRACKED","HEAD_GIT_BLOB","86d0a18c54aa2e43dd1c88e2d15ecc38031c168a","3cff124cb53af9ab98a3eb0cca33e645","EXACT_REMOTE_STATEMENTS","HISTORICAL_SYNCED","20260421000001_evolve_user_subscriptions_ssot.sql"
"20260421000002","YES","YES","HEAD_TRACKED","HEAD_GIT_BLOB","8af7f21a421ff01be19ef47843ebeeee1ad4a530","fb10b774222e7c2840d52bb9384df661","EXACT_REMOTE_STATEMENTS","HISTORICAL_SYNCED","20260421000002_create_catalog_ssot.sql"
"20260421000003","YES","YES","HEAD_TRACKED","HEAD_GIT_BLOB","eaae73870c1c92bbdbd94338d8f5b5315b5aa06c","af6264a6cedb429b07f28c3da6b0de61","EXACT_REMOTE_STATEMENTS","HISTORICAL_SYNCED","20260421000003_seed_initial_catalog.sql"
"20260421000004","YES","YES","HEAD_TRACKED","EXACT_GIT_BLOB:8abdd7bc86733a2a3fedd76161f11215b23acdc2@9f1234bcd8337d650868246adc9a04a504c64751","1d89f29f5da4775cfdc66928c2c38e81931e0951","2e40652a87c691d07cd38cf7859eadc4","EXACT_REMOTE_STATEMENTS","HISTORICAL_SYNCED","20260421000004_migrate_legacy_subscriptions.sql"
"20260421000005","YES","YES","HEAD_TRACKED","EXACT_GIT_BLOB:b0ecb22f888f1babebd2ae0896421cd52ba7113e@9f1234bcd8337d650868246adc9a04a504c64751","32fd79282dea8c73d062a2b19802c0a6ba5e54e5","5869bcc82bc95ed229ee3528b6c778de","EXACT_REMOTE_STATEMENTS","HISTORICAL_SYNCED","20260421000005_mark_legacy_tables_readonly.sql"
"20260421093000","YES","YES","HEAD_TRACKED","HEAD_GIT_BLOB","bf5f7d2d1eafcd30fe055fed16131c3492585f93","7606e291addfa9f0f8b6f3e9a199017d","EXACT_REMOTE_STATEMENTS","HISTORICAL_SYNCED","20260421093000_admin_notifications_governance_rpc.sql"
"20260421120000","YES","YES","HEAD_TRACKED","EXACT_GIT_BLOB:b5e021111d3e67c759f4710394e101ef3a08954c@c435dd7c9445d00eed140658bfb888f5f283268c","fa453d80e0ac1cabad7e881c789a6ea138707c2b","262ff5c29303ba9332e5ba96cad84d7d","EXACT_REMOTE_STATEMENTS","HISTORICAL_SYNCED","20260421120000_reconcile_community_qa_schema.sql"
"20260422000000","YES","YES","HEAD_TRACKED","HEAD_GIT_BLOB","a11e47346589f49939f9c0be07b97119a4b0cdef","eb647544433d49f8d32c722c78d94e1f","EXACT_REMOTE_STATEMENTS","HISTORICAL_SYNCED","20260422000000_create_site_settings.sql"
"20260422123000","YES","YES","HEAD_TRACKED","HEAD_GIT_BLOB","de2dece9f3f87e99df009e68651c658665a92456","6f10d7fc98e0df76705ca87206985a24","EXACT_REMOTE_STATEMENTS","HISTORICAL_SYNCED","20260422123000_community_issues_territorial_rpc.sql"
"20260423000000","YES","YES","HEAD_TRACKED","HEAD_GIT_BLOB+REMOTE_HISTORY_ONLY_FOR_APPLIED_CONTENT","9eeb6315842d1d58b075e7b56125d2a4c7e1b920","dc32b59a7aed6951b9e0fe50ef85c913","REMOTE_CONTENT_UNRECOVERED","REMOTE_CONTENT_UNRECOVERED","20260423000000_create_user_favorites_system.sql"
"20260423000001","YES","YES","HEAD_TRACKED","HEAD_GIT_BLOB","e7be6a1daa7efcafa86db52ff044c2b886e674d6","23cece7a93da3634123654129383b1e0","EXACT_REMOTE_STATEMENTS","HISTORICAL_SYNCED","20260423000001_fix_user_favorites_rpc_schema_drift.sql"
"20260423000002","YES","YES","HEAD_TRACKED","HEAD_GIT_BLOB","598beea7fda4c65acf90c65fe691f0d3c4bb8b22","185eef577f6460bcb1726c6180659aa9","EXACT_REMOTE_STATEMENTS","HISTORICAL_SYNCED","20260423000002_create_business_recommendations_system.sql"
"20260423100000","YES","YES","HEAD_TRACKED","HEAD_GIT_BLOB","b6d204134adebc5aba5973381108184d2fe5ebde","d0bc4f8dd1b48a906c11660d5edebb24","EXACT_REMOTE_STATEMENTS","HISTORICAL_SYNCED","20260423100000_fix_business_data_missing_columns.sql"
"20260425000000","YES","YES","HEAD_TRACKED","HEAD_GIT_BLOB+REMOTE_HISTORY_ONLY_FOR_APPLIED_CONTENT","8c6a9ed4ce9fa9264395d8b0f9fd073f539a8c2d","eb74d172cd684cd0e118f3533e9e17c8","REMOTE_CONTENT_UNRECOVERED","REMOTE_CONTENT_UNRECOVERED","20260425000000_create_public_business_snapshots_rpc.sql"
"20260425000001","YES","YES","HEAD_TRACKED","HEAD_GIT_BLOB","e3f62c63f3bf16d5ad6620084f22f84c5f1ecf29","9af03c88511722f5c53c10418cd529dd","EXACT_REMOTE_STATEMENTS","HISTORICAL_SYNCED","20260425000001_fix_public_snapshots_district_placeholder.sql"
"20260425010000","YES","YES","HEAD_TRACKED","HEAD_GIT_BLOB","34163332d8075800b857f312b674c975f036851c","dbaed7d500446ac53ee3c85ac492a3f3","EXACT_REMOTE_STATEMENTS","HISTORICAL_SYNCED","20260425010000_fix_public_snapshot_rpc_missing_columns.sql"
"20260425020000","YES","YES","HEAD_TRACKED","HEAD_GIT_BLOB","01176d9991be9dc3a0f4688f7ed2487be889dd68","34125c530cb9b35b44c8b64763a41f43","EXACT_REMOTE_STATEMENTS","HISTORICAL_SYNCED","20260425020000_fix_public_snapshot_business_geo.sql"
"20260425030000","YES","YES","HEAD_TRACKED","EXACT_GIT_BLOB:4d73a88f8f3f2ff7e70a33e871be9f2c0d686e95@01ddabb806f24a309feae3579c79f93f37958dd5","baecbb173bab60643b15c03b19c17ea58bd61510","58e5aede63c5b922e8b4cc955a71dc89","EXACT_REMOTE_STATEMENTS","HISTORICAL_SYNCED","20260425030000_enable_premium_link_pizzaria_bella_napoli.sql"
"20260425040000","YES","YES","HEAD_TRACKED","EXACT_GIT_BLOB:16014cf037153945b7316b6dcf224c11b7a5748d@6ef969a71731eb2293e48bc79b8a671cdd518504","9f49d7af1b6970125313af8046d135e97c2ccc04","1fe61186c86925a8edd06c8877daf9d6","EXACT_REMOTE_STATEMENTS","HISTORICAL_SYNCED","20260425040000_fix_reviews_rpc_is_verified.sql"
"20260425050000","YES","YES","HEAD_TRACKED","HEAD_GIT_BLOB","e773369dac5659e0030fc528777024dac2625371","a7228b4cfe29fb9066e5cbf1bf40e15c","EXACT_REMOTE_STATEMENTS","HISTORICAL_SYNCED","20260425050000_consolidate_bella_napoli_beverages.sql"
"20260425060000","YES","YES","HEAD_TRACKED","HEAD_GIT_BLOB","4e99cff572ed54c644cb45dd4e473410f22cb687","1ec5d9d2651521ea4d9a1d2379548a3c","EXACT_REMOTE_STATEMENTS","HISTORICAL_SYNCED","20260425060000_consolidate_beverage_categories_by_name.sql"
"20260425134000","YES","YES","HEAD_TRACKED","HEAD_GIT_BLOB","2fb66082c33b4c70bc71772415f0c4668a31e7c2","0fbe501a1156826eaa6a069701eac1a3","EXACT_REMOTE_STATEMENTS","HISTORICAL_SYNCED","20260425134000_create_pizzaria_niche.sql"
"20260426000000","YES","YES","HEAD_TRACKED","HEAD_GIT_BLOB","d8476df056084e93d651cd99e4be033b9c388b9f","578b03e0812903abee99cab822061ba4","EXACT_REMOTE_STATEMENTS","HISTORICAL_SYNCED","20260426000000_add_niche_versioning_system.sql"
"20260426010000","YES","YES","HEAD_TRACKED","EXACT_GIT_BLOB:ca35706b5929ba46d1a1494f432af2e9294fe669@765bac060919a319287fe173ade5cc33dcc852a9","b07d9e20772cf0af641a9465eb2dcefd39b83927","425c7ccb7633d9bbbc70213b1ec433aa","EXACT_REMOTE_STATEMENTS","HISTORICAL_SYNCED","20260426010000_add_pizza_extras_bella_napoli.sql"
"20260426130000","YES","YES","HEAD_TRACKED","EXACT_GIT_BLOB:97454464dc382a3adb8b5231437e0db2b2b9db6d@6cf8562ee3762d76af561ad737869a099e918d08","28b16cf81787223ffb8ae9c33e9648d42f53d3ec","9e713647a6a0e04a999b97deabbd21d5","EXACT_REMOTE_STATEMENTS","HISTORICAL_SYNCED","20260426130000_create_education_profiles.sql"
"20260426130001","YES","YES","HEAD_TRACKED","HEAD_GIT_BLOB","2e96fa41e2f88c4e417b09f5220b863e46f0d32b","36d98c1858be6153aa2a8c1a148e606e","EXACT_REMOTE_STATEMENTS","HISTORICAL_SYNCED","20260426130001_create_education_programs.sql"
"20260426130002","YES","YES","HEAD_TRACKED","HEAD_GIT_BLOB","ae72e0c79508a8c6bbf2cde5ca3d617f27900fcd","bc11ad78f89ad296f1ecd4b08f14bd80","EXACT_REMOTE_STATEMENTS","HISTORICAL_SYNCED","20260426130002_create_education_leads.sql"
"20260426130003","YES","YES","HEAD_TRACKED","HEAD_GIT_BLOB","6504abc9417d10628a184b61eb2432cf7e82ce59","1a59e414b1cf980ca796362a6cf973ed","EXACT_REMOTE_STATEMENTS","HISTORICAL_SYNCED","20260426130003_create_education_lead_events.sql"
"20260426130004","YES","YES","HEAD_TRACKED","HEAD_GIT_BLOB","06f2a12967f7e430362224d0d2b2302dc5cebf32","8cf4c7b9f69ba4b7a25333b80426e626","EXACT_REMOTE_STATEMENTS","HISTORICAL_SYNCED","20260426130004_create_education_events.sql"
"20260426130005","YES","YES","HEAD_TRACKED","HEAD_GIT_BLOB","ddd9d28a180417f21b7da0b1f78efcfb623c65f6","c1afeae492e95573c642722241330927","EXACT_REMOTE_STATEMENTS","HISTORICAL_SYNCED","20260426130005_add_education_indexes.sql"
"20260426130006","YES","YES","HEAD_TRACKED","HEAD_GIT_BLOB","24d8ee64f30860cf37c33c6d8ba3f44b416399c7","6e18bc82e4ca2805e32da54e25596529","EXACT_REMOTE_STATEMENTS","HISTORICAL_SYNCED","20260426130006_create_education_audit_function.sql"
"20260427130000","YES","YES","HEAD_TRACKED","HEAD_GIT_BLOB","c70086451c56ebadce3824541661ed6f1a3a8347","08e88c47d6d0ae6b082c91856cc329b9","EXACT_REMOTE_STATEMENTS","HISTORICAL_SYNCED","20260427130000_add_regular_school_fields.sql"
"20260427140000","YES","YES","HEAD_TRACKED","HEAD_GIT_BLOB","4402a97802ee8ee9518282a7935937e48521e8f7","c06fd3b74cbdcb2e89e79d497e81308e","EXACT_REMOTE_STATEMENTS","HISTORICAL_SYNCED","20260427140000_create_education_analytics_events.sql"
"20260428000001","YES","YES","HEAD_TRACKED","HEAD_GIT_BLOB+REMOTE_HISTORY_ONLY_FOR_APPLIED_CONTENT","f8b4db17e2a27ec8f1c083c11e27069c52ce9d52","54593c2f7800b7e6af0949b903651602","REMOTE_CONTENT_UNRECOVERED","REMOTE_CONTENT_UNRECOVERED","20260428000001_fix_education_profiles_fk.sql"
"20260428000002","YES","YES","HEAD_TRACKED","EXACT_GIT_BLOB:b81607d042c6f3842f1fd24be2021f82ec6fadc4@54e45decc710f9601f11235bfbe8e2c8f4c8cde7","18a83ac8ed88e99d6039de3cf9b03cd0498f701a","362aa1ce768841603ba80e3528ca8347","EXACT_REMOTE_STATEMENTS","HISTORICAL_SYNCED","20260428000002_fix_education_profiles_fk_to_profiles.sql"
"20260429000000","YES","YES","HEAD_TRACKED","HEAD_GIT_BLOB","aff8141a497477c8b6081fb0467d9c71514b89f0","ce0a5a364493983b370f7be663c9c4e8","EXACT_REMOTE_STATEMENTS","HISTORICAL_SYNCED","20260429000000_add_community_locality_location_ids.sql"
"20260429001000","YES","YES","HEAD_TRACKED","HEAD_GIT_BLOB","31ccf04a618f1717b5a8e7eab50c837116bea685","61f35c68a10b91e4da4833921964b726","EXACT_REMOTE_STATEMENTS","HISTORICAL_SYNCED","20260429001000_canonicalize_vagas_district_location.sql"
"20260429120000","YES","YES","HEAD_TRACKED","HEAD_GIT_BLOB","2bc5e6d23b9175acfeb73e607c8acb777d3c4185","f4b8a1b45e38778e056678ce0c2208b8","EXACT_REMOTE_STATEMENTS","HISTORICAL_SYNCED","20260429120000_add_education_public_school_source_fields.sql"
"20260429153000","YES","YES","HEAD_TRACKED","HEAD_GIT_BLOB","7d33c0f072c19a61c54c6bb942d7208a05b9fdff","9b2af10fb8ae25a6932becfafb5efcc8","EXACT_REMOTE_STATEMENTS","HISTORICAL_SYNCED","20260429153000_add_education_school_infrastructure_fields.sql"
"20260429180000","YES","YES","HEAD_TRACKED","HEAD_GIT_BLOB","7877539e1afad5c8f89d05220d7d663e9cdb1820","566cefe7947c3cb8a3ba82c593c2a248","EXACT_REMOTE_STATEMENTS","HISTORICAL_SYNCED","20260429180000_harden_education_school_data_ssot.sql"
"20260429213000","YES","YES","HEAD_TRACKED","HEAD_GIT_BLOB","a5c2647ff9252204ce21887e30b4ed24ec9712af","164382053055db939b037348b191d330","EXACT_REMOTE_STATEMENTS","HISTORICAL_SYNCED","20260429213000_sanitize_test_suffix_in_locations.sql"
"20260429223000","YES","YES","HEAD_TRACKED","HEAD_GIT_BLOB","bb45da24244646a942a60cec0a6b8b508d82dc70","9e831b33547d424227bdf86b0ce6462e","EXACT_REMOTE_STATEMENTS","HISTORICAL_SYNCED","20260429223000_harden_education_infrastructure_ssot.sql"
"20260502090000","YES","YES","HEAD_TRACKED","HEAD_GIT_BLOB","2b04e59cb060ddd2f619ddb763a0ff689cbbaefe","f00f3d91b131205b8a586a0bd1019dc6","EXACT_REMOTE_STATEMENTS","HISTORICAL_SYNCED","20260502090000_expand_group_governance.sql"
"20260502091000","YES","YES","HEAD_TRACKED","HEAD_GIT_BLOB","bb8bacaf63353c97fa1964ad38ab8bcf8c11ef87","7eb588453837da46b1a0614d49dfccfe","EXACT_REMOTE_STATEMENTS","HISTORICAL_SYNCED","20260502091000_seed_mock_community_groups.sql"
"20260502112000","YES","YES","HEAD_TRACKED","HEAD_GIT_BLOB","949dd18f9d61079b1112c0a8609c6028ce60f1c6","7a62f6faf0b800e2966089b6f4c0d2c8","EXACT_REMOTE_STATEMENTS","HISTORICAL_SYNCED","20260502112000_create_group_message_reports.sql"
"20260502150000","YES","YES","HEAD_TRACKED","HEAD_GIT_BLOB","894e6638916f9beaffd3fefcb92918128056c6b1","54d8c2d8574529546ddb451bbbcf2957","EXACT_REMOTE_STATEMENTS","HISTORICAL_SYNCED","20260502150000_add_groups_scalability_indexes.sql"
"20260502225502","YES","YES","HEAD_TRACKED","HEAD_GIT_BLOB","f068c292ca0fc8d39f0c5f04a64a1d199e63aa58","5ef9fa35f16630da72953070106a4f65","EXACT_REMOTE_STATEMENTS","HISTORICAL_SYNCED","20260502225502_ce92b18e-d82c-43d1-aa1b-bf7d4cbde405.sql"
"20260503000000","YES","YES","HEAD_TRACKED","HEAD_GIT_BLOB","1d5d20b88a1207ef361c3774ab41b42515794549","15edbdd37f25773c8c24c0f221a81663","EXACT_REMOTE_STATEMENTS","HISTORICAL_SYNCED","20260503000000_fix_spatial_search_hybrid_types.sql"
"20260503010000","YES","YES","HEAD_TRACKED","HEAD_GIT_BLOB+REMOTE_HISTORY_ONLY_FOR_APPLIED_CONTENT","c37690c1e8a145637947bb5afc4bdfccfd8a7103","e6e0db0e25d9e9d6976d56e0e15240e5","REMOTE_CONTENT_UNRECOVERED","REMOTE_CONTENT_UNRECOVERED","20260503010000_create_public_search_views.sql"
"20260504093000","YES","YES","HEAD_TRACKED","HEAD_GIT_BLOB","5659f1c00bacab31f437bc4f9cc3104313270dbd","e1c50d2600f3124443b0083379079235","EXACT_REMOTE_STATEMENTS","HISTORICAL_SYNCED","20260504093000_fix_public_search_views_schema_cache.sql"
"20260504094500","YES","YES","HEAD_TRACKED","HEAD_GIT_BLOB","f19ff57f9ace14326ed00f0c5944e6d75de78f8f","9b0c508c5d0748f99bc76fe4658873b8","EXACT_REMOTE_STATEMENTS","HISTORICAL_SYNCED","20260504094500_seed_missing_professional_for_ai_phase1.sql"
"20260506090000","YES","YES","HEAD_TRACKED","HEAD_GIT_BLOB","a914b8b7efc2df2f4176aa621d928bbcb85a341a","8fb650a970b2a629e0410e92a2c0b65a","EXACT_REMOTE_STATEMENTS","HISTORICAL_SYNCED","20260506090000_create_trust_events.sql"
"20260506100000","YES","YES","HEAD_TRACKED","HEAD_GIT_BLOB","04fa7adddefeff0c7cd1ffdce3502068827cbe74","a5315d3a638232eeafa5c10e527a19c1","EXACT_REMOTE_STATEMENTS","HISTORICAL_SYNCED","20260506100000_create_professional_leads.sql"
"20260506113000","YES","YES","HEAD_TRACKED","HEAD_GIT_BLOB","338a202577cad33cfd75168a3a9bb8f64785dca0","bfa9571a71ee5597d360f98388c9e496","EXACT_REMOTE_STATEMENTS","HISTORICAL_SYNCED","20260506113000_create_classified_comments.sql"
"20260508120000","YES","YES","HEAD_TRACKED","HEAD_GIT_BLOB","c7e9118c7aa1bedd62274b19c44713dc4cf794b6","89aaa1f35e83c6d6430a32d57fd310af","EXACT_REMOTE_STATEMENTS","HISTORICAL_SYNCED","20260508120000_fix_professional_engagement_insert_rls.sql"
"20260511183000","YES","YES","HEAD_TRACKED","HEAD_GIT_BLOB","74225709bd2923b0460f640cf41e1291cb816082","12791e1be416f3bc62a5ca47b8bf88f3","EXACT_REMOTE_STATEMENTS","HISTORICAL_SYNCED","20260511183000_create_notification_transactional_preference.sql"
"20260512194000","YES","YES","HEAD_TRACKED","HEAD_GIT_BLOB","ef8f815d5299b88a595aa04ab343bd755f21021e","4a78d69f463d70a609ff07b0f5fb05a3","EXACT_REMOTE_STATEMENTS","HISTORICAL_SYNCED","20260512194000_create_delivery_update_order_notes_rpc.sql"
"20260512233000","YES","YES","HEAD_TRACKED","HEAD_GIT_BLOB","76f8f95a776aa0d01b5f357e80fcf233247f2353","47711f36a8599a47f5e92a29b1f92758","EXACT_REMOTE_STATEMENTS","HISTORICAL_SYNCED","20260512233000_create_delivery_update_order_source_metadata_rpc.sql"
"20260513090000","YES","YES","HEAD_TRACKED","HEAD_GIT_BLOB","88966a1a5b86572f0a847ed6d930b3b7c6bf23f0","aeb1dbe338f32b53c938d7112653e68e","EXACT_REMOTE_STATEMENTS","HISTORICAL_SYNCED","20260513090000_profile_public_location_visibility_ssot.sql"
"20260513103000","YES","YES","HEAD_TRACKED","HEAD_GIT_BLOB","5afd3100f1ccbfd04f9f34dc3a4871f20b6691cc","0246c6d378c82a56beb319f019efbbb0","EXACT_REMOTE_STATEMENTS","HISTORICAL_SYNCED","20260513103000_add_address_metadata_for_residence_locality.sql"
"20260513104500","YES","YES","HEAD_TRACKED","HEAD_GIT_BLOB","02678a6a54e8e7458c108060670d8718cb3da4b4","73776b1320bda5f796f223b77fe5416e","EXACT_REMOTE_STATEMENTS","HISTORICAL_SYNCED","20260513104500_create_residential_localities.sql"
"20260513170000","YES","YES","HEAD_TRACKED","HEAD_GIT_BLOB","9b827a1a091c5121af892fcd6e2ba0a9b4016ed0","704b099a802e8caa4067fb75d37e8430","EXACT_REMOTE_STATEMENTS","HISTORICAL_SYNCED","20260513170000_territorial_reconciliation_national_scale.sql"
"20260513230618","YES","YES","HEAD_TRACKED","HEAD_GIT_BLOB","a13fea42b582f39d76928e5d733c10ecdabe33cd","bb61bc8b7df799b082b4241dbed5b66a","EXACT_REMOTE_STATEMENTS","HISTORICAL_SYNCED","20260513230618_45c6efa1-dd9c-4581-a5ea-91ba0df84f46.sql"
"20260513230755","YES","YES","HEAD_TRACKED","HEAD_GIT_BLOB","7f6723b2ca9b2ecd5e2a078b03bdc2d83c12b074","4e0f98e021d1fdb5c8096634765e001a","EXACT_REMOTE_STATEMENTS","HISTORICAL_SYNCED","20260513230755_f6ea31f9-21d0-44c4-8776-ee122922151a.sql"
"20260513230819","YES","YES","HEAD_TRACKED","HEAD_GIT_BLOB","cfd77f73a6035851237a081e1b064b240329d5c7","708eeebaf0886a7e7c193491b42a7c11","EXACT_REMOTE_STATEMENTS","HISTORICAL_SYNCED","20260513230819_e6901b9c-8226-43ba-8ee7-3fe5264b77a3.sql"
"20260514003000","YES","YES","HEAD_TRACKED","HEAD_GIT_BLOB","b560624a394f5e5d0f7751b11931ffc7ff9759f9","7991640957860f22fc7f7452c0e16eca","EXACT_REMOTE_STATEMENTS","HISTORICAL_SYNCED","20260514003000_fix_admin_users_location_aliases_rls_recursion.sql"
"20260514091500","YES","YES","HEAD_TRACKED","HEAD_GIT_BLOB","64053c267f5cbd6edd1cb56687d7b9182acda597","bf0298ebdeab50787a3fe620e294c02c","EXACT_REMOTE_STATEMENTS","HISTORICAL_SYNCED","20260514091500_seed_national_states_and_city_upsert.sql"
"20260514094500","YES","YES","HEAD_TRACKED","HEAD_GIT_BLOB+REMOTE_HISTORY_ONLY_FOR_APPLIED_CONTENT","aadeeedf2dee43ca4a98882a7dce8c06b9893c17","d9e2519d651f6283868118f3531c3e7c","REMOTE_CONTENT_UNRECOVERED","REMOTE_CONTENT_UNRECOVERED","20260514094500_create_territory_communities.sql"
"20260514103000","YES","YES","HEAD_TRACKED","EXACT_GIT_BLOB:8321bc00c9a8dc1f8dc777d191edc6f46d340555@d155bd4531d6fb8e62285450e7d9a978e2aaf5c1","025374edf8e0cbd1a0e63fa7fc5cc958cdcc900c","93a65a4f26cba076b694a5c6d5f958f8","EXACT_REMOTE_STATEMENTS","HISTORICAL_SYNCED","20260514103000_seed_national_cities_ibge.sql"
"20260514223000","YES","YES","HEAD_TRACKED","HEAD_GIT_BLOB","3d602827eac89fff66419f8bd4be756e5162a66f","4ebda0561d1b0d312ad120d03b557109","EXACT_REMOTE_STATEMENTS","HISTORICAL_SYNCED","20260514223000_add_checked_in_at_to_event_participants.sql"
"20260514233000","YES","YES","HEAD_TRACKED","HEAD_GIT_BLOB","cdf11ff60e87cce756c3175f4c9f8803413b9b5d","fff9b8dfb8c00aecf668c4563849af92","EXACT_REMOTE_STATEMENTS","HISTORICAL_SYNCED","20260514233000_harden_event_checkin_token_and_rls.sql"
"20260515090000","YES","YES","HEAD_TRACKED","HEAD_GIT_BLOB","965b14b6bdf743affb29a5c3870ddf5b146cfa41","33c958f537e2555f7916120ac6e05595","EXACT_REMOTE_STATEMENTS","HISTORICAL_SYNCED","20260515090000_create_communication_territorial_mvp.sql"
"20260515103000","YES","YES","HEAD_TRACKED","HEAD_GIT_BLOB","39b1ee6388ae58fe02f4e2e50673b68592a70b71","da7de1c40928e84e539dc26d45f106ef","EXACT_REMOTE_STATEMENTS","HISTORICAL_SYNCED","20260515103000_fix_communication_slugify.sql"
"20260515113000","YES","YES","HEAD_TRACKED","EXACT_GIT_BLOB:36ebe92284ef80026eca76693c1d9c0eb9faffa9@df9eee78581b37e23018805a778f2b3e8f41e2c2","777ee39d03704ccc654f84f3bdb3daf04f76f2ea","5a426ef985d873120712b16dfd2c7e29","EXACT_REMOTE_STATEMENTS","HISTORICAL_SYNCED","20260515113000_fix_events_legacy_encoding.sql"
"20260515123000","YES","YES","HEAD_TRACKED","HEAD_GIT_BLOB","851df869c05c51e1c791b1eae8cf24c8c447a169","d9ef39ae49788663351aa80482f4b628","EXACT_REMOTE_STATEMENTS","HISTORICAL_SYNCED","20260515123000_add_communication_publication_distribution.sql"
"20260515124500","YES","YES","HEAD_TRACKED","HEAD_GIT_BLOB","dde717f6c1e5b677ea10e02849fc3fcc27dd4aef","dc445c4e1970f83a5170c486c9505095","EXACT_REMOTE_STATEMENTS","HISTORICAL_SYNCED","20260515124500_harden_communication_distribution_relevance.sql"
"20260515130000","YES","YES","HEAD_TRACKED","HEAD_GIT_BLOB","1c9c23680611f96035f9d4d28b9bdaf78df41280","8dd3c09e3af54a4df4fb9f8f17e2a0d7","EXACT_REMOTE_STATEMENTS","HISTORICAL_SYNCED","20260515130000_add_communication_distribution_rank_score.sql"
"20260516000100","YES","YES","HEAD_TRACKED","HEAD_GIT_BLOB","ff838a75ab4d4bd033338d29c7cee45c883b2998","4d5890bb98f06646711a29a05c7de450","EXACT_REMOTE_STATEMENTS","HISTORICAL_SYNCED","20260516000100_add_structured_content_to_posts.sql"
"20260516110000","YES","YES","HEAD_TRACKED","HEAD_GIT_BLOB","18e22eedfa6878ce05153ea57327ee780e57f510","d4d4dc595832e8d0ff3abb11c0304d2d","EXACT_REMOTE_STATEMENTS","HISTORICAL_SYNCED","20260516110000_reorganize_social_and_professional_identity.sql"
"20260516133000","YES","YES","HEAD_TRACKED","HEAD_GIT_BLOB","2c796fdc0674ee93b235d5ff20f2c289304e1671","6cb5db344f9cf452dbb522f49a922c0b","EXACT_REMOTE_STATEMENTS","HISTORICAL_SYNCED","20260516133000_create_work_opportunities_transversal.sql"
"20260516143000","YES","YES","HEAD_TRACKED","HEAD_GIT_BLOB","54d12bb84666f32f645254d1af79a6878e62d4c8","575d0b49b6964c72b9b4ffa8729c889c","EXACT_REMOTE_STATEMENTS","HISTORICAL_SYNCED","20260516143000_work_opportunities_lifecycle_expiration.sql"
"20260516170000","YES","YES","HEAD_TRACKED","HEAD_GIT_BLOB","6197c172dd0e81cb1ce8250ddba14e042168a876","8a5330d3a01105e83a61c833308a5dce","EXACT_REMOTE_STATEMENTS","HISTORICAL_SYNCED","20260516170000_optimize_economic_circulation_queries.sql"
"20260520120000","YES","YES","HEAD_TRACKED","EXACT_GIT_BLOB:99879603534ce7d02b6f19dad3b3400b781ad44d@281c8b6d1aa2adaa0f548376b0ac9500ac1efae3","900b782e8d51a796caaf30b62635d653c46b32db","23d80c5a11241d5715aee137211d167e","EXACT_REMOTE_STATEMENTS","HISTORICAL_SYNCED","20260520120000_seed_public_education_complexo_schools.sql"
"20260520134500","YES","YES","HEAD_TRACKED","HEAD_GIT_BLOB","de7ce153aa5ba06f044429c2f762db7148e06969","9af7b42e808e10ac1367ca942464e8b2","EXACT_REMOTE_STATEMENTS","HISTORICAL_SYNCED","20260520134500_backfill_public_education_school_coordinates.sql"
"20260521120000","YES","YES","HEAD_TRACKED","HEAD_GIT_BLOB","c2c809a6de2f5bf167835b6c81f9b771d0650f7d","6f8b6675a457d53f6fd88b5c433c0fc6","EXACT_REMOTE_STATEMENTS","HISTORICAL_SYNCED","20260521120000_create_accept_ride_atomic_rpc.sql"
"20260522133000","YES","YES","HEAD_TRACKED","HEAD_GIT_BLOB","3b6d49861752a68f48a55e1a4b4ace91feaf3d2c","edd5e540f1dd83cd48e31db8af1d56f3","EXACT_REMOTE_STATEMENTS","HISTORICAL_SYNCED","20260522133000_add_unique_ibge_district_index.sql"
"20260522142500","YES","YES","HEAD_TRACKED","HEAD_GIT_BLOB","9a792b8b789d03502f8ba8e968f24f0d6343cb0a","dd84681200bdf121798dd8f738b8df8a","EXACT_REMOTE_STATEMENTS","HISTORICAL_SYNCED","20260522142500_allow_neighborhood_location_type.sql"
"20260522143000","YES","YES","HEAD_TRACKED","HEAD_GIT_BLOB","0f55608562370e29d4219830a116dd06556d81fa","ecd179b8bde922a856d85ee024faa81c","EXACT_REMOTE_STATEMENTS","HISTORICAL_SYNCED","20260522143000_add_neighborhood_location_indexes.sql"
"20260522144000","YES","YES","HEAD_TRACKED","HEAD_GIT_BLOB","b848240176091ce31c0495b77bab2a8b1553470a","f459bf25a31e8beec3b378da131e766f","EXACT_REMOTE_STATEMENTS","HISTORICAL_SYNCED","20260522144000_allow_neighborhood_in_territorial_features.sql"
"20260522170000","YES","YES","HEAD_TRACKED","HEAD_GIT_BLOB","8db7ed66973acfd4a79ad5a36f45b488d58caff7","795733289899a56a309e22bf5b427206","EXACT_REMOTE_STATEMENTS","HISTORICAL_SYNCED","20260522170000_allow_post_neighborhood_locations.sql"
"20260523120000","YES","YES","HEAD_TRACKED","HEAD_GIT_BLOB","fb95cab0313ae948f575ceb5447c7c87db59dbb7","52262ab6ec04e31171b84717948a9934","EXACT_REMOTE_STATEMENTS","HISTORICAL_SYNCED","20260523120000_remove_public_url_redirect_artifacts.sql"
"20260523123000","YES","YES","HEAD_TRACKED","HEAD_GIT_BLOB","0189780c2288dbbdcbdab67fe12948cd512e5d62","05513ffd4c0fee780d9c10f28d4a47e3","EXACT_REMOTE_STATEMENTS","HISTORICAL_SYNCED","20260523123000_create_release_driver_availability_rpc.sql"
"20260523124500","YES","YES","HEAD_TRACKED","HEAD_GIT_BLOB","38f0de345183e834bd719192739a02b2fc0bb661","2572e425aff3d78213fcfbbb27280e3a","EXACT_REMOTE_STATEMENTS","HISTORICAL_SYNCED","20260523124500_reconcile_pricing_admin_ssot.sql"
"20260523130500","YES","YES","HEAD_TRACKED","HEAD_GIT_BLOB","f26bce48413fe36162dfde20336def7c9f57f3f5","040cbcd3e377c27118d84ad78183f428","EXACT_REMOTE_STATEMENTS","HISTORICAL_SYNCED","20260523130500_enforce_unique_driver_locations.sql"
"20260523133000","YES","YES","HEAD_TRACKED","HEAD_GIT_BLOB","d4a845ee6cdbd1372595ac28cce245dfaf5351be","81ee6a991dc928e17568621baecdea18","EXACT_REMOTE_STATEMENTS","HISTORICAL_SYNCED","20260523133000_enable_realtime_for_ride_requests.sql"
"20260523134000","YES","YES","HEAD_TRACKED","HEAD_GIT_BLOB","3a4a7adb1c5b7d9204834242ce2e3e1da0298d74","0ebb1fa99a3ba258d1c428d5e2a2971b","EXACT_REMOTE_STATEMENTS","HISTORICAL_SYNCED","20260523134000_create_cancel_pending_ride_offers_rpc.sql"
"20260523135000","YES","YES","HEAD_TRACKED","HEAD_GIT_BLOB","216672d8af1cd6f0f3e1d173122a6fa425b944e6","b224c93d6564b00a35d7933787bab503","EXACT_REMOTE_STATEMENTS","HISTORICAL_SYNCED","20260523135000_create_pickup_points.sql"
"20260526000001","YES","YES","HEAD_TRACKED","HEAD_GIT_BLOB","5a86868afc40bd4f8fb88aed9cb09c5a3b8bcab3","61be9876892aded1ee205b604fa9347b","EXACT_REMOTE_STATEMENTS","HISTORICAL_SYNCED","20260526000001_harden_security_definer_search_path.sql"
"20260526010000","YES","YES","HEAD_TRACKED","HEAD_GIT_BLOB","f63d48707d4d5dac9d768ff71b48b4852348a60a","9c792ef1d60629cb9b112ca8e1427ddf","EXACT_REMOTE_STATEMENTS","HISTORICAL_SYNCED","20260526010000_extend_events_organizer_fields.sql"
"20260526021000","YES","YES","HEAD_TRACKED","HEAD_GIT_BLOB","c67c9d5d72aab20acf9a674b3a7d7bed43dc3e43","c44ed811de1611037cc9e7cea0cb7e2b","EXACT_REMOTE_STATEMENTS","HISTORICAL_SYNCED","20260526021000_seed_mobility_driver_catalog.sql"
"20260526023000","YES","YES","HEAD_TRACKED","HEAD_GIT_BLOB","891d28f65a2d6a95308303d057012b48cf507f44","ede8935a6b8dc26f94356b93c9670705","EXACT_REMOTE_STATEMENTS","HISTORICAL_SYNCED","20260526023000_create_vaga_applications.sql"
"20260526024500","YES","YES","HEAD_TRACKED","HEAD_GIT_BLOB","223cf43061546573a2146b77ada342c2831865b7","4952b4b7385159a1329108eb6b7ae5df","EXACT_REMOTE_STATEMENTS","HISTORICAL_SYNCED","20260526024500_create_community_moderation_reports.sql"
"20260528100000","YES","YES","HEAD_TRACKED","HEAD_GIT_BLOB","6a05ad9fe37862c98d1b6e3c02c9e1a3f7a1c1db","ec94c5ddacb0f0712d7960f045f4dbd4","EXACT_REMOTE_STATEMENTS","HISTORICAL_SYNCED","20260528100000_deduplicate_professional_data_location_fk.sql"
"20260529100000","YES","YES","HEAD_TRACKED","HEAD_GIT_BLOB","eb4191089d3937e92e73ed4b5e91ea71547b9dbf","306b3bf17f8c6cc801d26afd15c2048d","EXACT_REMOTE_STATEMENTS","HISTORICAL_SYNCED","20260529100000_create_event_engagement_tables.sql"
"20260529101000","YES","YES","HEAD_TRACKED","HEAD_GIT_BLOB","ea54b8e5681affe1347b14b3dbe651af433b5774","e90af5755bcbe2d9e1ae2a69d860c1b1","EXACT_REMOTE_STATEMENTS","HISTORICAL_SYNCED","20260529101000_create_profile_saved_marketplace_items.sql"
"20260529102000","YES","YES","HEAD_TRACKED","HEAD_GIT_BLOB","c14c27afc57ecd517f9a7d1dfc8a7cf25b840b7e","a9868228fd25a7a63fda87928170f54a","EXACT_REMOTE_STATEMENTS","HISTORICAL_SYNCED","20260529102000_harden_classified_reports.sql"
"20260529103000","YES","YES","HEAD_TRACKED","HEAD_GIT_BLOB","cb7aab35173461c486e8c59e49f092053436cb6e","98f8fbcf9f8f06abe2f610385fc095e4","EXACT_REMOTE_STATEMENTS","HISTORICAL_SYNCED","20260529103000_create_vaga_reports.sql"
"20260529103400","YES","YES","HEAD_TRACKED","HEAD_GIT_BLOB","4ff9f3aa6f82309e95ab706bd7aa8c6efb95664b","eceeb2c0c54d54bd3f37c75ce60a367e","EXACT_REMOTE_STATEMENTS","HISTORICAL_SYNCED","20260529103400_create_tourist_points.sql"
"20260529103500","YES","YES","HEAD_TRACKED","HEAD_GIT_BLOB","d9d2584b77615498328efd54262e520da3e691ca","75b752471f1c29246acc740e5f58e7d6","EXACT_REMOTE_STATEMENTS","HISTORICAL_SYNCED","20260529103500_create_tourist_point_saved_items.sql"
"20260529104000","YES","YES","HEAD_TRACKED","HEAD_GIT_BLOB","e5444171d76869c3d131a3c6711de4a2aa3cc444","28adf2631c9540becaf466b2e297f6e1","EXACT_REMOTE_STATEMENTS","HISTORICAL_SYNCED","20260529104000_harden_vaga_publication_distribution.sql"
"20260530120000","YES","YES","HEAD_TRACKED","HEAD_GIT_BLOB","16aabc4dff63e953e946554f9825bdf3249a2928","d85b265561df76b9ffc9e2ec152d94f6","EXACT_REMOTE_STATEMENTS","HISTORICAL_SYNCED","20260530120000_ensure_complexo_nordeste_membership.sql"
"20260601090000","YES","YES","HEAD_TRACKED","HEAD_GIT_BLOB","074d6fa90dd1dbb988cdad2830d447e8c0fc5579","b86a7352dd4b618b5661cb70eb39504d","EXACT_REMOTE_STATEMENTS","HISTORICAL_SYNCED","20260601090000_create_community_public_aliases.sql"
"20260604033000","YES","YES","HEAD_TRACKED","HEAD_GIT_BLOB","60920efa9c48ae9463d282c575ecefdce282bc66","9bbfb0cce3366ff83dfadf15d91cdda8","EXACT_REMOTE_STATEMENTS","HISTORICAL_SYNCED","20260604033000_canonicalize_gastronomy_snapshots_to_business_urls.sql"
"20260604143000","YES","YES","HEAD_TRACKED","HEAD_GIT_BLOB","6ef18488004ad916b4be66fe6cbe6e3a955229aa","2439754d764b2a5d64f26093ee803a75","EXACT_REMOTE_STATEMENTS","HISTORICAL_SYNCED","20260604143000_private_verification_documents_storage.sql"
"20260604150000","YES","YES","HEAD_TRACKED","HEAD_GIT_BLOB","10865fe725d41e127247a5fecc97d9eb2e6a7661","5112b60c25fd10dbd9ac9e522ae2b80b","EXACT_REMOTE_STATEMENTS","HISTORICAL_SYNCED","20260604150000_harden_pizza_rls_and_public_views.sql"
"20260605100000","YES","YES","HEAD_TRACKED","HEAD_GIT_BLOB","81fb76c74017310c56827844bb18b2a3d25d00f7","aea114f5496c1c1448fcc8900a936e27","EXACT_REMOTE_STATEMENTS","HISTORICAL_SYNCED","20260605100000_harden_exposed_rpc_authorization.sql"
"20260609193000","YES","YES","HEAD_TRACKED","HEAD_GIT_BLOB","2c092be7818d28cabc0d67bb46c4cc9197803814","876325e1ec94dffffb3e02348eaecd1d","EXACT_REMOTE_STATEMENTS","HISTORICAL_SYNCED","20260609193000_create_location_boundaries_seed_complexo.sql"
"20260702100000","YES","YES","HEAD_TRACKED","HEAD_GIT_BLOB","5281b7f07632ba0787dea778d342516af0d990a2","9d14ec14023b5bdf6bf42ffee4f461b2","EXACT_REMOTE_STATEMENTS","HISTORICAL_SYNCED","20260702100000_harden_orders_delivery_authorization.sql"
"20260703100000","YES","YES","HEAD_TRACKED","HEAD_GIT_BLOB","20c1a61d20e02397da25e918a3ee402451d66b2f","1c40609ff446c6d535f0405aa2e5b197","EXACT_REMOTE_STATEMENTS","HISTORICAL_SYNCED","20260703100000_drop_legacy_delivery_create_order_text_overload.sql"
"20260703113000","YES","YES","HEAD_TRACKED","HEAD_GIT_BLOB","8284e9172148e3f40e5694649c02d26b9a87e1d7","64dfa4d373d9c16cc0df10b410722be0","EXACT_REMOTE_STATEMENTS","HISTORICAL_SYNCED","20260703113000_fix_orders_timeline_trigger_and_backfill.sql"
"20260703212954","YES","YES","HEAD_TRACKED","HEAD_GIT_BLOB","beb9c08492c0b4a33ba6532aab36f19a603c36aa","e4a381e7ffeabf57c3e092c58c29359e","EXACT_REMOTE_STATEMENTS","HISTORICAL_SYNCED","20260703212954_persist_active_profile_selection.sql"
"20260703232958","YES","YES","HEAD_TRACKED","HEAD_GIT_BLOB+REMOTE_HISTORY_ONLY_FOR_APPLIED_CONTENT","c95a00d864521ec6b66c26d662f523d9960d5eb9","7e712a0f8fc8a9292a230d1911522742","REMOTE_CONTENT_UNRECOVERED_COMMENT_ONLY_DIFF","REMOTE_CONTENT_UNRECOVERED","20260703232958_revoke_anon_delivery_rpc_execute.sql"
"20260703233803","YES","YES","HEAD_TRACKED","HEAD_GIT_BLOB","50382c2577d37599a62255ecaccdd0dcdf6759dd","3217f04d915b512fc29b9b61449511ea","EXACT_REMOTE_STATEMENTS","HISTORICAL_SYNCED","20260703233803_harden_gastronomy_public_views_and_engagement_rpcs.sql"
"20260703235508","YES","YES","HEAD_TRACKED","HEAD_GIT_BLOB","ee16305db7a717716c8467be8e10447e908fc093","299e093a776fcc3f4d9d2eaecaeb1b75","EXACT_REMOTE_STATEMENTS","HISTORICAL_SYNCED","20260703235508_create_gastronomy_review_mutation_rpcs.sql"
"20260706100000","YES","YES","HEAD_TRACKED","HEAD_GIT_BLOB","9eee511c537beb18789dc390b7798e533583fba4","424bf73cb885a69b2e109e66c81a5549","EXACT_REMOTE_STATEMENTS","HISTORICAL_SYNCED","20260706100000_harden_community_creation_residence_authorization.sql"
"20260706101000","YES","YES","HEAD_TRACKED","HEAD_GIT_BLOB","63c2af3331b29c4a882147819e16db9b87ae9cff","b3a212f68643affbc4f861ba515a5a14","EXACT_REMOTE_STATEMENTS","HISTORICAL_SYNCED","20260706101000_harden_community_social_rls_author_checks.sql"
"20260706102000","YES","YES","HEAD_TRACKED","HEAD_GIT_BLOB","2e65261bf052a90f5547fd88860014f5a18c0bdb","12b6acbe4b71e0466fd2507d0d636ace","EXACT_REMOTE_STATEMENTS","HISTORICAL_SYNCED","20260706102000_harden_remote_advisor_security_definer_views.sql"
"20260706103000","YES","YES","HEAD_TRACKED","HEAD_GIT_BLOB","65b8c5f262d22a6a2064db9ffacb889e37f7e0a1","2e012d464bd3f99c75d6cc5cee2595ee","EXACT_REMOTE_STATEMENTS","HISTORICAL_SYNCED","20260706103000_harden_remote_advisor_always_true_rls_subset.sql"
"20260706104000","YES","YES","HEAD_TRACKED","HEAD_GIT_BLOB","d107a8a4c08f916e0a0e31871c93f058c13abba8","bd610a74d4d1cbed81662fffdedf3a6a","EXACT_REMOTE_STATEMENTS","HISTORICAL_SYNCED","20260706104000_harden_public_storage_listing_policies.sql"
"20260706162154","YES","YES","HEAD_TRACKED","HEAD_GIT_BLOB","64292c4976af342e26b7bc1f205a15c9eba225a4","867234ba8ddec0b393b3fa3e14e9eebb","EXACT_REMOTE_STATEMENTS","HISTORICAL_SYNCED","20260706162154_harden_function_search_path_low_risk_subset.sql"
"20260706163017","YES","YES","HEAD_TRACKED","HEAD_GIT_BLOB","24bd20b798531ee32b5969f9f1e0768c0bfc319f","db23c4565f373f917a2c0e4ebc5bdf58","EXACT_REMOTE_STATEMENTS","HISTORICAL_SYNCED","20260706163017_harden_function_search_path_second_subset.sql"
"20260707083036","YES","YES","HEAD_TRACKED","HEAD_GIT_BLOB","7c8cda34a79bb86b939d960838f120399e4e8d3b","f24951261221b05b822cfe2e90acf346","EXACT_REMOTE_STATEMENTS","HISTORICAL_SYNCED","20260707083036_drop_public_assets_listing_policy.sql"
"20260707083229","YES","YES","HEAD_TRACKED","HEAD_GIT_BLOB","4fbc71efbde1814fe0f97af486e29dc5b09a6993","f175359373321c574c8f6ad7e142c874","EXACT_REMOTE_STATEMENTS","HISTORICAL_SYNCED","20260707083229_harden_remaining_function_search_path.sql"
"20260707084025","YES","YES","HEAD_TRACKED","HEAD_GIT_BLOB","b63e60b0eae66804c01282bd9e012f7de9bfa120","99835ddfb6ddc521da88101bbf7073de","EXACT_REMOTE_STATEMENTS","HISTORICAL_SYNCED","20260707084025_harden_always_true_rls_next_subset.sql"
"20260707084223","YES","YES","HEAD_TRACKED","HEAD_GIT_BLOB","8ac36507dc83cee50a1d4ed7c0bed14bedebd0d2","8c4f7febc67bfdab267ece276e49285b","EXACT_REMOTE_STATEMENTS","HISTORICAL_SYNCED","20260707084223_harden_analytics_and_dispatch_audit_rls.sql"
"20260707084443","YES","YES","HEAD_TRACKED","HEAD_GIT_BLOB","2bd269dfb8c6ba3441baf4ecc41aa189f06d2bdb","4373122a032bda7984811d3222e11f25","EXACT_REMOTE_STATEMENTS","HISTORICAL_SYNCED","20260707084443_lock_down_dispatch_audit_rpc_grants.sql"
"20260707085907","YES","YES","HEAD_TRACKED","HEAD_GIT_BLOB","e6e600a6a10ba15f80dc9eb930593a87423e1015","6de927922f16b57009d1d57f81e5cd9a","EXACT_REMOTE_STATEMENTS","HISTORICAL_SYNCED","20260707085907_revoke_anon_from_privileged_security_definer_subset.sql"
"20260707090121","YES","YES","HEAD_TRACKED","HEAD_GIT_BLOB","4991c642951f257dd1ff26939e01bf3170106c50","0013b67027e929af0e38093ce8f33c07","EXACT_REMOTE_STATEMENTS","HISTORICAL_SYNCED","20260707090121_revoke_anon_from_internal_mutation_security_definer_subset.sql"
"20260707090301","YES","YES","HEAD_TRACKED","HEAD_GIT_BLOB","ef00162115da14324e0d44683c28dee7384f3420","a188c07a1ad1d1ea79632cf7a980ec52","EXACT_REMOTE_STATEMENTS","HISTORICAL_SYNCED","20260707090301_revoke_anon_from_cache_mfa_and_territory_write_rpcs.sql"
"20260707092115","YES","YES","HEAD_TRACKED","HEAD_GIT_BLOB","709a425728759ec969ab08cffc0bf2c36f26cd0f","a99fb693d30546194013e9a2b2740b3c","EXACT_REMOTE_STATEMENTS","HISTORICAL_SYNCED","20260707092115_revoke_anon_from_unused_public_helper_rpcs.sql"
"20260707102718","YES","YES","HEAD_TRACKED","HEAD_GIT_BLOB","a688e10238649cb7f811158bd06dd00117bebf13","a33bc5db0558bf4537e5ee19715f4298","EXACT_REMOTE_STATEMENTS","HISTORICAL_SYNCED","20260707102718_harden_lgpd_consent_rpc_authorization.sql"
"20260707103853","YES","YES","HEAD_TRACKED","HEAD_GIT_BLOB","8d550af1536e57eac385a219c2f27be1abb25261","c405af48b835d2328e60e6ede92c78d4","EXACT_REMOTE_STATEMENTS","HISTORICAL_SYNCED","20260707103853_harden_username_auth_rpc_surface.sql"
"20260707111214","YES","YES","HEAD_TRACKED","HEAD_GIT_BLOB","baad3074bf4f7a663ca30dad80bb66fc2e7d0217","9bcd26b6aac9debf4094f2b7ade6e8b5","EXACT_REMOTE_STATEMENTS","HISTORICAL_SYNCED","20260707111214_harden_get_site_setting_invoker.sql"
"20260707112353","YES","YES","HEAD_TRACKED","HEAD_GIT_BLOB","45c7692b713c1f52abb581fdbc1ad191d5acac1c","853b0b55eb283220476a1e78bae5b8c4","EXACT_REMOTE_STATEMENTS","HISTORICAL_SYNCED","20260707112353_harden_get_business_reviews_invoker.sql"
"20260707113531","YES","YES","HEAD_TRACKED","HEAD_GIT_BLOB","7ea921a7cb8210f02b98725bea3aca763d88fe91","b7a12ffe3a53c54503172a14eb25ffd2","EXACT_REMOTE_STATEMENTS","HISTORICAL_SYNCED","20260707113531_harden_gastronomy_public_menu_rpcs_invoker.sql"
"20260707114642","YES","YES","HEAD_TRACKED","HEAD_GIT_BLOB","4a8f3ec5c73a6d9b4a78cceae0159bc61ca02431","752a1b6923018cd539735b7d37ed4d6d","EXACT_REMOTE_STATEMENTS","HISTORICAL_SYNCED","20260707114642_harden_gastronomy_activity_rpc_privacy.sql"
"20260707115617","YES","YES","HEAD_TRACKED","HEAD_GIT_BLOB","926cdd61c4a9e8bd8cce9c468f02d062e049801b","926023f9eb4ad1feb105e36bf2497ff1","EXACT_REMOTE_STATEMENTS","HISTORICAL_SYNCED","20260707115617_harden_location_descendants_rpc_invoker.sql"
"20260707120534","YES","YES","HEAD_TRACKED","HEAD_GIT_BLOB","8795077dc0b82a1de5df25411098db8e3168c64c","0152667c7f377bf37a1a228d0c2eae81","EXACT_REMOTE_STATEMENTS","HISTORICAL_SYNCED","20260707120534_harden_brand_branches_rpc_invoker.sql"
"20260707120937","YES","YES","HEAD_TRACKED","HEAD_GIT_BLOB","218dea29ce0a18e636e69b0b19f739f1f763ad63","de7591929e60e8f5b0c41e312b6b5b1f","EXACT_REMOTE_STATEMENTS","HISTORICAL_SYNCED","20260707120937_harden_match_district_by_point_rpc_invoker.sql"
"20260707121321","YES","YES","HEAD_TRACKED","HEAD_GIT_BLOB","78650bda5d720aa47d90e05a834817011a714cde","dcae3e89fd5bb7595ee6de7598cf11cb","EXACT_REMOTE_STATEMENTS","HISTORICAL_SYNCED","20260707121321_harden_lost_found_public_read_rpcs_invoker.sql"
"20260707122417","YES","YES","HEAD_TRACKED","HEAD_GIT_BLOB","56813eab866e67848c9856340e2d8ae9c071020d","c567cea4e588668d1c70f93dce39bc52","EXACT_REMOTE_STATEMENTS","HISTORICAL_SYNCED","20260707122417_harden_public_view_counters_edge_broker.sql"
"20260707123630","YES","YES","HEAD_TRACKED","HEAD_GIT_BLOB","3870d66d939b2ad841199127cbc5b23451be3dd3","a2cb20a07a2cf8193f84a2d7d845949b","EXACT_REMOTE_STATEMENTS","HISTORICAL_SYNCED","20260707123630_fix_public_view_counter_rpc_parameters.sql"
"20260707124348","YES","YES","HEAD_TRACKED","HEAD_GIT_BLOB","77dc8521fa4b8b94d8e347629f9bf47d9e701faf","0a2f7499caa4e2a6fe60429c327ead58","EXACT_REMOTE_STATEMENTS","HISTORICAL_SYNCED","20260707124348_harden_public_snapshot_rpcs_invoker.sql"
"20260707124929","YES","YES","HEAD_TRACKED","HEAD_GIT_BLOB+REMOTE_HISTORY_ONLY_FOR_APPLIED_CONTENT","97def71cf04de83cc30b65840843e4d69d7a27b8","7848f909cf296e01f142227bf67839da","REMOTE_CONTENT_UNRECOVERED","REMOTE_CONTENT_UNRECOVERED","20260707124929_revoke_public_postgis_estimatedextent_execute.sql"
"20260707133656","YES","YES","HEAD_TRACKED","HEAD_GIT_BLOB","a3bafb85088c51809b76dac072104b3df4e8ca52","6bf495e1c0265fedc332c7627e58e7bb","EXACT_REMOTE_STATEMENTS","HISTORICAL_SYNCED","20260707133656_revoke_authenticated_from_internal_trigger_and_unused_rpcs.sql"
"20260707134401","YES","YES","HEAD_TRACKED","HEAD_GIT_BLOB","69341d8cd098b655780818a08946b2ded8b8a47f","0802bb9408ec073444bc88aed6d45e2b","EXACT_REMOTE_STATEMENTS","HISTORICAL_SYNCED","20260707134401_revoke_authenticated_from_unused_no_dependency_rpcs.sql"
"20260707134629","YES","YES","HEAD_TRACKED","HEAD_GIT_BLOB","2f92fb7515585f2f19419a21980287070bb5d698","691de82597cb3d1b1281ceb81bb69024","EXACT_REMOTE_STATEMENTS","HISTORICAL_SYNCED","20260707134629_revoke_authenticated_from_internal_helper_rpcs.sql"
"20260707134943","YES","YES","HEAD_TRACKED","HEAD_GIT_BLOB","17dc456a49819def3c19fb64a10145a74d5d57f7","877e153b353885139d68b5abe18dc4f9","EXACT_REMOTE_STATEMENTS","HISTORICAL_SYNCED","20260707134943_route_admin_notifications_rpcs_through_edge_function.sql"
"20260707140908","YES","YES","HEAD_TRACKED","HEAD_GIT_BLOB","beafd35a4e3d29a3b5ea436bd111631fd479e6e8","181f0350f1bb90922f1bb8718498fc66","EXACT_REMOTE_STATEMENTS","HISTORICAL_SYNCED","20260707140908_route_admin_pricing_rpcs_through_edge_function.sql"
"20260707141904","YES","YES","HEAD_TRACKED","HEAD_GIT_BLOB","f13055180709ac6650b95aa689aec445c2d928cd","63bb0a6d92983624a1bb54a3dd09f970","EXACT_REMOTE_STATEMENTS","HISTORICAL_SYNCED","20260707141904_route_admin_site_settings_rpcs_through_edge_function.sql"
"20260707143712","YES","YES","HEAD_TRACKED","HEAD_GIT_BLOB","e855da2d54e0af9d4f35b036a27b090865040519","08e3f01f3b70a9c95c0f66ce30c030b5","EXACT_REMOTE_STATEMENTS","HISTORICAL_SYNCED","20260707143712_route_admin_communication_rpcs_through_edge_function.sql"
"20260707145342","YES","YES","HEAD_TRACKED","HEAD_GIT_BLOB","532e170075a1fbb372fc6ab75841f8bf2c6d3474","1970bf51a342b38b7ab4d02217367b3a","EXACT_REMOTE_STATEMENTS","HISTORICAL_SYNCED","20260707145342_route_communication_mutation_rpcs_through_edge_function.sql"
"20260707151447","YES","YES","HEAD_TRACKED","HEAD_GIT_BLOB","6b0bec0aded590540b047222fc0f3ae1c37f2f50","e400439a0be9d81b0add6de5e04335bf","EXACT_REMOTE_STATEMENTS","HISTORICAL_SYNCED","20260707151447_move_communication_rls_helper_to_private_schema.sql"
"20260707152429","YES","YES","HEAD_TRACKED","HEAD_GIT_BLOB","4332686def8dfd58e11a160e3f4ed9d46b102bcb","3ac49153eed171400221c87753fc2e81","EXACT_REMOTE_STATEMENTS","HISTORICAL_SYNCED","20260707152429_harden_notification_read_rpcs.sql"
"20260707153515","YES","YES","HEAD_TRACKED","HEAD_GIT_BLOB","4ac601fa140b5926585cd73ba3d54a4ff076ffe1","c34978ebb4c67eb3162c3a67bfbd36b0","EXACT_REMOTE_STATEMENTS","HISTORICAL_SYNCED","20260707153515_harden_gastronomy_niche_capability_rpcs.sql"
"20260707155447","YES","YES","HEAD_TRACKED","HEAD_GIT_BLOB","c54650f2f23a8c8768fa02342b32d728588836d1","5c401a395e4004dc1807a697ce77fdfc","EXACT_REMOTE_STATEMENTS","HISTORICAL_SYNCED","20260707155447_harden_gastronomy_profile_column_grants.sql"
"20260707160719","YES","YES","HEAD_TRACKED","HEAD_GIT_BLOB","425c9cf17bddd1e73c4304dc9840029e4464b8d7","7fa805be7b80a2d4aac9e11591c95dcf","EXACT_REMOTE_STATEMENTS","HISTORICAL_SYNCED","20260707160719_harden_business_favorites_count_rpc.sql"
"20260707162026","YES","YES","HEAD_TRACKED","HEAD_GIT_BLOB","e2b42079a22588a524b544fd746f66e7bc376383","51969061fdc18353499ba93f8daa61ed","EXACT_REMOTE_STATEMENTS","HISTORICAL_SYNCED","20260707162026_harden_business_data_column_grants.sql"
"20260707192404","YES","YES","HEAD_TRACKED","HEAD_GIT_BLOB","ad86d1df9cf975535655b37a9cc43ede4885d5e2","a33783c53051327192ff93126a710f8e","EXACT_REMOTE_STATEMENTS","HISTORICAL_SYNCED","20260707192404_harden_create_notification_security.sql"
"20260707195524","YES","YES","HEAD_TRACKED","HEAD_GIT_BLOB","aa93e54036560d476a2546a975b5ae8f977c8b5c","bef6114968535d46e5359265422a09fe","EXACT_REMOTE_STATEMENTS","HISTORICAL_SYNCED","20260707195524_route_professional_notifications_through_trusted_brokers.sql"
"20260707201023","YES","YES","HEAD_TRACKED","HEAD_GIT_BLOB","9e339aee29075e603d3b2f19bf55b3334ae866ff","bf44af0d10c446fdb402ffa6a4a52e9a","EXACT_REMOTE_STATEMENTS","HISTORICAL_SYNCED","20260707201023_route_session_profile_rpcs_through_edge_function.sql"
"20260707204323","YES","YES","HEAD_TRACKED","HEAD_GIT_BLOB","829062de2fea63406399ca870c02435c2aa96027","d8badf1bc43c66683159cd4081abcf17","EXACT_REMOTE_STATEMENTS","HISTORICAL_SYNCED","20260707204323_route_billing_entitlements_rpcs_through_edge_function.sql"
"20260707205315","YES","YES","HEAD_TRACKED","HEAD_GIT_BLOB","84ebeb912a4ca583a510dd530ac57b43c3c704ea","60acf8b036d6ce3eebf2c810e69c7ea2","EXACT_REMOTE_STATEMENTS","HISTORICAL_SYNCED","20260707205315_route_session_revocation_through_session_rpc.sql"
"20260707210813","YES","YES","HEAD_TRACKED","HEAD_GIT_BLOB","188ff03645f9e35dd89f3fb0a85cc2a50a872e79","6afa98f7f1257a6d93232d4bf310756c","EXACT_REMOTE_STATEMENTS","HISTORICAL_SYNCED","20260707210813_route_business_reviews_rpcs_through_edge_function.sql"
"20260707212504","YES","YES","HEAD_TRACKED","HEAD_GIT_BLOB","73e19dd2cbb49d6175bd24dbbfc38f24ad67586c","85e65814c4fcbf842ec4844d881d878d","EXACT_REMOTE_STATEMENTS","HISTORICAL_SYNCED","20260707212504_route_privacy_session_rpcs_through_edge_functions.sql"
"20260707213810","YES","YES","HEAD_TRACKED","HEAD_GIT_BLOB","a533f6572c68da3b3fb35c3a3ca05f88d083e966","c5478d196910ebb500a9414bfb43944e","EXACT_REMOTE_STATEMENTS","HISTORICAL_SYNCED","20260707213810_route_location_city_upsert_through_edge_function.sql"
"20260707220108","YES","YES","HEAD_TRACKED","HEAD_GIT_BLOB","4b719834aeec18ac214e30ba81d0fa8618eb34c2","2d511e9a86490a8d677e6953a49a4ed7","EXACT_REMOTE_STATEMENTS","HISTORICAL_SYNCED","20260707220108_route_mobility_dispatch_rpcs_through_edge_function.sql"
"20260707222343","YES","YES","HEAD_TRACKED","HEAD_GIT_BLOB","60c85c68917e0f80039c38817c22ce5cce3f8fab","9d6c2d50b92ac4d2d9cbf600eee16fc2","EXACT_REMOTE_STATEMENTS","HISTORICAL_SYNCED","20260707222343_route_delivery_order_rpcs_through_edge_function.sql"
"20260707224108","YES","YES","HEAD_TRACKED","HEAD_GIT_BLOB","58c425913925dc528937a3ca04b2642c656726ac","b4f25759e4a552171dd2c5c629bbb95d","EXACT_REMOTE_STATEMENTS","HISTORICAL_SYNCED","20260707224108_route_mobility_accept_ride_through_edge_function.sql"
"20260707225829","YES","YES","HEAD_TRACKED","HEAD_GIT_BLOB","e91bfb3d52806f6fddf1689a73d0f385bcd8038b","d64e2451ee87814bcaaa097da16e3566","EXACT_REMOTE_STATEMENTS","HISTORICAL_SYNCED","20260707225829_route_community_content_rpcs_through_edge_function.sql"
"20260707232826","YES","YES","HEAD_TRACKED","HEAD_GIT_BLOB","08d705761cf8d7013bf920d59a27d08c5d3260ce","6ec4c53b17badb258a00f94c0a44dd42","EXACT_REMOTE_STATEMENTS","HISTORICAL_SYNCED","20260707232826_route_profile_mutation_rpcs_through_edge_function.sql"
"20260707234302","YES","YES","HEAD_TRACKED","HEAD_GIT_BLOB","a2a0e3728ab1c7261b760aead189ffd50cbfd4aa","4981a771995eab4542b12173c9355dd6","EXACT_REMOTE_STATEMENTS","HISTORICAL_SYNCED","20260707234302_route_role_read_helpers_through_edge_function.sql"
"20260708000031","YES","YES","HEAD_TRACKED","HEAD_GIT_BLOB","c0d268d73bf3265da0c2481719095474bab2b522","7a96ada0a626a8eec2fde218bc1708d2","EXACT_REMOTE_STATEMENTS","HISTORICAL_SYNCED","20260708000031_move_rls_authorization_helpers_to_private_schema.sql"
"20260708172931","YES","YES","HEAD_TRACKED","HEAD_GIT_BLOB","fbcfcdd604c3a02586671392790742a7909cd6f3","093f54c772cf8bb423f2e6e7226bba2a","EXACT_REMOTE_STATEMENTS","HISTORICAL_SYNCED","20260708172931_harden_tryon_product_image_source.sql"
"20260708215101","YES","YES","HEAD_TRACKED","HEAD_GIT_BLOB","fe987f9699afb9766e55310d64a34dd62c298d66","02a0bd7695d57d8b1c4a10255ea9c61a","EXACT_REMOTE_STATEMENTS","HISTORICAL_SYNCED","20260708215101_create_community_memberships_ssot.sql"
"20260708224334","YES","YES","HEAD_TRACKED","HEAD_GIT_BLOB","827545dde78fcd2af680f9ac85caf334869794a5","b08d16e9176ce41c620c2beaf792a7d2","EXACT_REMOTE_STATEMENTS","HISTORICAL_SYNCED","20260708224334_create_community_entity_links_ssot.sql"
"20260709005208","YES","YES","HEAD_TRACKED","HEAD_GIT_BLOB","eb52bd2c3795b125e17b1e1f6b01d3d0ed15f5ca","2d76af5329966166e7cf3730fa8f30f9","EXACT_REMOTE_STATEMENTS","HISTORICAL_SYNCED","20260709005208_atomic_event_participation_rpcs.sql"
"20260709011223","YES","YES","HEAD_TRACKED","HEAD_GIT_BLOB","3c739e5251586af569ffe76c46087b3c876c7a30","f1fbd603b505154954889f77a7f7f70d","EXACT_REMOTE_STATEMENTS","HISTORICAL_SYNCED","20260709011223_drop_legacy_event_counter_rpcs.sql"
"20260709234225","YES","YES","HEAD_TRACKED","HEAD_GIT_BLOB","4baef22f6ebf49883528bf3076fad9684aac59a3","8c5a414a0cb2b516e521532e7fbbbbeb","EXACT_REMOTE_STATEMENTS","HISTORICAL_SYNCED","20260709234225_harden_ad_campaign_self_service_contract.sql"
"20260710010449","YES","YES","HEAD_TRACKED","HEAD_GIT_BLOB","c0196530a86d20ab924cfb2db982e70e605aa1cc","d2dbf41c773a3b1a7e61791d46d5fd43","EXACT_REMOTE_STATEMENTS","HISTORICAL_SYNCED","20260710010449_add_admin_ad_campaign_operations.sql"
"20260713090000","YES","YES","HEAD_TRACKED","HEAD_GIT_BLOB","a94b80a7d9aeff46e8959e104294809b76cebea1","f8b043701428539cf1d38ecfcc8d9b07","EXACT_REMOTE_STATEMENTS","HISTORICAL_SYNCED","20260713090000_harden_community_social_runtime.sql"
"20260713100000","YES","YES","HEAD_TRACKED","HEAD_GIT_BLOB","0833ed5b1743b916d43419c96ab87e6f1a11cdd6","43b6f1790be79864d5dbae7b8a8413bb","EXACT_REMOTE_STATEMENTS","HISTORICAL_SYNCED","20260713100000_harden_community_moderation_actions.sql"
"20260713103000","YES","YES","HEAD_TRACKED","HEAD_GIT_BLOB","1a09f3700a848243b3fd45e439e20612b9ae5550","ec5a3b1b952269731cb1fff179ae5cb8","EXACT_REMOTE_STATEMENTS","HISTORICAL_SYNCED","20260713103000_broker_community_moderation_rpc.sql"
"20260713110000","YES","YES","HEAD_TRACKED","HEAD_GIT_BLOB","9f0feb9376556eebe89286b8b3e60f4a366a6a01","847ed38564dff5cab9aa85b4889f31f4","EXACT_REMOTE_STATEMENTS","HISTORICAL_SYNCED","20260713110000_harden_community_notification_runtime.sql"
"20260713113000","YES","YES","HEAD_TRACKED","HEAD_GIT_BLOB","7b288c390ddeacf352f4d985b9e3a0dc83348822","e019e6e854b689c1cc2a0a8cf36a9296","EXACT_REMOTE_STATEMENTS","HISTORICAL_SYNCED","20260713113000_add_notification_priority_contract.sql"
"20260713120000","YES","YES","HEAD_TRACKED","HEAD_GIT_BLOB","a818b5760d9133dfc51d7aee069769203aac98ab","ed4c088cb3687869dccc6568529c06ab","EXACT_REMOTE_STATEMENTS","HISTORICAL_SYNCED","20260713120000_harden_community_post_media_storage.sql"
"20260713123000","YES","YES","HEAD_TRACKED","HEAD_GIT_BLOB","f5d94b1e056ce8395c4074872a567321721c100e","53af58388c0fe73687e29d065517c206","EXACT_REMOTE_STATEMENTS","HISTORICAL_SYNCED","20260713123000_harden_community_membership_runtime.sql"
"20260713130000","YES","YES","HEAD_TRACKED","HEAD_GIT_BLOB","b909ce52d1c928f4ba528707f45b1384b88e6f01","fd542a32c6db41bdbfb41ea21a40cab9","EXACT_REMOTE_STATEMENTS","HISTORICAL_SYNCED","20260713130000_harden_lost_found_runtime.sql"
"20260713131000","YES","YES","HEAD_TRACKED","HEAD_GIT_BLOB","e1c9b9a87c231fe29bca2c98008b9e7744d085ea","44581b28f02cd7df3afa95d1aff31c68","EXACT_REMOTE_STATEMENTS","HISTORICAL_SYNCED","20260713131000_harden_community_alert_reports.sql"
"20260713132000","YES","YES","HEAD_TRACKED","HEAD_GIT_BLOB","bc2d12ff0a228e9771b9989327ecce1d2428ad39","d6ce58e396827bd13b8a3600ae269a21","EXACT_REMOTE_STATEMENTS","HISTORICAL_SYNCED","20260713132000_harden_community_qa_runtime.sql"
"20260713133000","YES","YES","HEAD_TRACKED","HEAD_GIT_BLOB","31a4402fb156acca9710694549355c12d00836e2","600aa212c46f5421d7abd478e004761f","EXACT_REMOTE_STATEMENTS","HISTORICAL_SYNCED","20260713133000_harden_community_issue_runtime.sql"
"20260713134000","YES","YES","HEAD_TRACKED","HEAD_GIT_BLOB","736f96e4506732458d31b6fd30c2e6563ce3638e","c063f6f1f2771eeeeb47b910f2b65ce6","EXACT_REMOTE_STATEMENTS","HISTORICAL_SYNCED","20260713134000_harden_active_profile_and_group_discovery.sql"
"20260713135000","YES","YES","HEAD_TRACKED","HEAD_GIT_BLOB","cd2d7501246aa8c8931d91daeb3178439ad4b32d","f41f513dfa1d33a6e290b04effcbcf33","EXACT_REMOTE_STATEMENTS","HISTORICAL_SYNCED","20260713135000_harden_community_content_review.sql"
"20260713136000","YES","YES","HEAD_TRACKED","HEAD_GIT_BLOB","9662f5fdd9f5b188d55d17f09092d416327a370e","a7449e55903f409824e77abb9efc5c3b","EXACT_REMOTE_STATEMENTS","HISTORICAL_SYNCED","20260713136000_fix_community_moderation_queue_stats.sql"
"20260713137000","YES","YES","HEAD_TRACKED","HEAD_GIT_BLOB","8494a892378b875bd140db6bce7b77649e5964ec","01c2e7f832625abf8360ea2cb77984e6","EXACT_REMOTE_STATEMENTS","HISTORICAL_SYNCED","20260713137000_harden_profile_server_owned_fields.sql"
"20260713140000","YES","YES","HEAD_TRACKED","HEAD_GIT_BLOB","608704951d99bfb594f2d9c2055a7b5f3ffa2620","768ed7824bba2b99d0292b6af12ed5ef","EXACT_REMOTE_STATEMENTS","HISTORICAL_SYNCED","20260713140000_record_signup_terms_acceptance.sql"
"20260713150000","YES","YES","HEAD_TRACKED","HEAD_GIT_BLOB","32972ecce824beb954ebfb5a4bd2abc1d42ca1b4","437f58983d918b974e142119f10762bb","EXACT_REMOTE_STATEMENTS","HISTORICAL_SYNCED","20260713150000_make_community_social_notifications_transactional.sql"
"20260713151000","YES","YES","HEAD_TRACKED","HEAD_GIT_BLOB","332a8ece45e0be2e14acd9fb3d568d58328b4181","68ae2207bd46209ef5de18009d6d9e97","EXACT_REMOTE_STATEMENTS","HISTORICAL_SYNCED","20260713151000_fix_community_alert_create_audit_contract.sql"
"20260713152000","YES","YES","HEAD_TRACKED","HEAD_GIT_BLOB","6e79d94a421ad4ef7b7969e3806e745172eae22f","1b07c03a9068594ea6fb005335810781","EXACT_REMOTE_STATEMENTS","HISTORICAL_SYNCED","20260713152000_add_community_feed_keyset_index.sql"
"20260713153000","YES","YES","HEAD_TRACKED","HEAD_GIT_BLOB","c2e159d3f971465519126860cb157bb31a14a4e6","df1c3b633c8f68c52ff765e4f26d349e","EXACT_REMOTE_STATEMENTS","HISTORICAL_SYNCED","20260713153000_add_group_message_reactions.sql"
"20260714090000","YES","YES","HEAD_TRACKED","HEAD_GIT_BLOB","986f6a3e901cf395ebc6f8305351b2b69080c9c2","a2b7f861d38b36154231743bc6c028d6","EXACT_REMOTE_STATEMENTS","HISTORICAL_SYNCED","20260714090000_add_community_rpc_scale_controls.sql"
"20260714093000","YES","YES","HEAD_TRACKED","HEAD_GIT_BLOB","6f8dc643469eb2902a4743cb81b4c7ac7b78c644","cddcf38441bd45cb246e778d56963f1d","EXACT_REMOTE_STATEMENTS","HISTORICAL_SYNCED","20260714093000_add_community_rpc_audit_retention.sql"
"20260714100000","YES","YES","HEAD_TRACKED","HEAD_GIT_BLOB","b3a99f20c5f849894c0c2597dfb86c963d50c67e","6ec68da613f6324a63101982fa750ae8","EXACT_REMOTE_STATEMENTS","HISTORICAL_SYNCED","20260714100000_harden_community_post_content_media.sql"
"20260714103000","YES","YES","HEAD_TRACKED","HEAD_GIT_BLOB","1c878dbd036168baeb35709b5a8d77524c633a16","4612aa52ca2b5e2102ce50b106464cee","EXACT_REMOTE_STATEMENTS","HISTORICAL_SYNCED","20260714103000_drop_post_media_reconciliation_helper.sql"
"20260714110000","YES","YES","HEAD_TRACKED","HEAD_GIT_BLOB","8f1d3aa2bd9a1ca25eaac2297f4ee775020ce7f6","9b40117d944cf42e6f7ea5548280ebcd","EXACT_REMOTE_STATEMENTS","HISTORICAL_SYNCED","20260714110000_canonicalize_community_post_types.sql"
"20260714113000","YES","YES","HEAD_TRACKED","HEAD_GIT_BLOB","cb47faf0dfca58f56c128e0a6a43f3d2856b68de","f5b1ab0778c776bfa12cbab33c55374c","EXACT_REMOTE_STATEMENTS","HISTORICAL_SYNCED","20260714113000_create_notification_outbox_core.sql"
"20260714114000","YES","YES","HEAD_TRACKED","HEAD_GIT_BLOB","5d7417e1579441f2d46aee83cd4cfbaac19dacff","8323a5a19014ab2bfa9b5b1fb4a87753","EXACT_REMOTE_STATEMENTS","HISTORICAL_SYNCED","20260714114000_migrate_social_work_trust_notifications.sql"
"20260714115000","YES","YES","HEAD_TRACKED","HEAD_GIT_BLOB","07c2821f9e575ff2b07e68359d725f854c672abe","2fa11b6bf5bd8f13f5c60b4556bbac6d","EXACT_REMOTE_STATEMENTS","HISTORICAL_SYNCED","20260714115000_migrate_mobility_admin_notifications.sql"
"20260714116000","YES","YES","HEAD_TRACKED","HEAD_GIT_BLOB","14f5bc83f2638a6c557accdc8dd6705afc9a12e2","1b13c559064611951c4b2e0a83a19ac5","EXACT_REMOTE_STATEMENTS","HISTORICAL_SYNCED","20260714116000_normalize_safety_notification_producers.sql"
"20260714117000","YES","YES","HEAD_TRACKED","HEAD_GIT_BLOB","53c2616e32ec1f65aea7fa2238bfa3a5ac02c504","195f5a1b8a65f4ff5fea967cb3139fc7","EXACT_REMOTE_STATEMENTS","HISTORICAL_SYNCED","20260714117000_normalize_emergency_contact_email.sql"
"20260714118000","YES","YES","HEAD_TRACKED","HEAD_GIT_BLOB","974412375c9047d573a1fc90f4c54013aa2ecdc1","a031da1b754ac36085975bfd9d3d80c7","EXACT_REMOTE_STATEMENTS","HISTORICAL_SYNCED","20260714118000_harden_sensitive_report_commands.sql"
"20260714119000","YES","YES","HEAD_TRACKED","HEAD_GIT_BLOB","4dcf210f457fe0c99a2f41c278e65a03f18843fb","d93011de5d9adfdf7b7a5be58f16bff6","EXACT_REMOTE_STATEMENTS","HISTORICAL_SYNCED","20260714119000_harden_trust_messaging_incident_commands.sql"
"20260714120000","YES","YES","HEAD_TRACKED","HEAD_GIT_BLOB","79982c5e036b561a7dea3ad3d57de8f3e7b40c24","c6f26535829f86c3ea8ffb6ca84f7f1d","EXACT_REMOTE_STATEMENTS","HISTORICAL_SYNCED","20260714120000_add_explicit_auth_guards_to_trust_messaging_rpcs.sql"
"20260714121000","YES","YES","HEAD_TRACKED","HEAD_GIT_BLOB","d88514c6890550ba7b70c496a12331d3bab10fc7","0bb70857a1ba1de8e4fde2e5053f27d0","EXACT_REMOTE_STATEMENTS","HISTORICAL_SYNCED","20260714121000_consolidate_notification_preferences_owner.sql"
"20260714122000","YES","YES","HEAD_TRACKED","HEAD_GIT_BLOB","6c0e0219bb83f5a3775ef6ad134e726a5b1cdcc2","89746f031ad6c3e82fb8ac67837320b5","EXACT_REMOTE_STATEMENTS","HISTORICAL_SYNCED","20260714122000_consolidate_business_favorites_owner.sql"
"20260714123000","YES","YES","HEAD_TRACKED","HEAD_GIT_BLOB","46e284b4f5b2bc691cd4397b8ec21fcb9f77a6c4","8077c8653e93cd221581ead1062967a8","EXACT_REMOTE_STATEMENTS","HISTORICAL_SYNCED","20260714123000_drop_empty_legacy_business_favorites.sql"
"20260714124000","YES","YES","HEAD_TRACKED","HEAD_GIT_BLOB","7d7fc573863759a18f7c2b4fb885264c690f29ba","dcddcdc09fd224cfba4b5dc5e9f5eb3a","EXACT_REMOTE_STATEMENTS","HISTORICAL_SYNCED","20260714124000_add_bounded_business_favorite_batch_read.sql"
"20260714125000","YES","YES","HEAD_TRACKED","HEAD_GIT_BLOB","dc5a0afc60fdc2fe02a05406e6eb662c17a620cb","a27b98c71215cea9e62a0d4f432f00a4","EXACT_REMOTE_STATEMENTS","HISTORICAL_SYNCED","20260714125000_create_media_asset_core.sql"
"20260714126000","YES","YES","HEAD_TRACKED","HEAD_GIT_BLOB","0c9a7ddc8f27f54f595b05b0674ad34336054743","224038fbc0f23578431c8d4395f55cf5","EXACT_REMOTE_STATEMENTS","HISTORICAL_SYNCED","20260714126000_schedule_media_asset_cleanup.sql"
"20260715090000","YES","YES","HEAD_TRACKED","HEAD_GIT_BLOB","07a00d87345a0bb80b68a1bd3fad11efce750f70","a72b5ac680d158c70b6e6a507971b628","EXACT_REMOTE_STATEMENTS","HISTORICAL_SYNCED","20260715090000_create_classified_messaging_inbox_read_model.sql"
"20260715091000","YES","YES","HEAD_TRACKED","HEAD_GIT_BLOB","aef8ceb3bf36bd8f979a656f99a4f12e6c549293","238e2cc0b678a3b3b24984bfd4f4162d","EXACT_REMOTE_STATEMENTS","HISTORICAL_SYNCED","20260715091000_optimize_classified_messaging_inbox_indexes.sql"
"20260715092000","YES","YES","HEAD_TRACKED","HEAD_GIT_BLOB","1751afbcc54eab8fdf2756fb634ea736e27a7955","7eee09efb38964131b19fadf6ce6d707","EXACT_REMOTE_STATEMENTS","HISTORICAL_SYNCED","20260715092000_create_community_direct_messaging_schema.sql"
"20260715093000","YES","YES","HEAD_TRACKED","HEAD_GIT_BLOB","f771eb851fe7d711aec00933ffa6e7ce3f53d071","a361d0cea0f75f968086f1540b000895","EXACT_REMOTE_STATEMENTS","HISTORICAL_SYNCED","20260715093000_create_community_direct_messaging_commands.sql"
"20260715094000","YES","YES","HEAD_TRACKED","HEAD_GIT_BLOB","96e1400584eac8f4f1aef938f0d9b206d6c154ba","2c54876e950c2db04bf1b8f998196a10","EXACT_REMOTE_STATEMENTS","HISTORICAL_SYNCED","20260715094000_consolidate_review_core.sql"
"20260715095000","YES","YES","HEAD_TRACKED","HEAD_GIT_BLOB","fa8a3086f4cb7289a54bb4274769c77c709bb993","a447d820b164aeb6533b4916b30c6704","EXACT_REMOTE_STATEMENTS","HISTORICAL_SYNCED","20260715095000_harden_review_rate_limit_lifecycle.sql"
"20260715096000","YES","YES","HEAD_TRACKED","HEAD_GIT_BLOB","39ecf56d637678257286e39bcebec29aa85bab2d","0871391aa4fb4421ff1ea92b0c3e8cd4","EXACT_REMOTE_STATEMENTS","HISTORICAL_SYNCED","20260715096000_fix_profile_review_delete_contract.sql"
"20260715100000","YES","YES","HEAD_TRACKED","HEAD_GIT_BLOB","33c0843e25dcbf31dc16239070cbb5d567b2e3cc","bed37d62a36ee3c587866124f6773f41","EXACT_REMOTE_STATEMENTS","HISTORICAL_SYNCED","20260715100000_drop_empty_professional_reports_legacy.sql"
"20260715101000","YES","YES","HEAD_TRACKED","HEAD_GIT_BLOB","85688add14e3bd37626d58dcb0ae7643517f6d18","63997be02f182053442bdd08475b8f01","EXACT_REMOTE_STATEMENTS","HISTORICAL_SYNCED","20260715101000_create_federated_moderation_queue.sql"
"20260715102000","YES","YES","HEAD_TRACKED","HEAD_GIT_BLOB","c4c97a1b05884019306ed8879c3e3deaa6a23b79","4823ecf9ecf087daa01a4cf8ea0c906e","EXACT_REMOTE_STATEMENTS","HISTORICAL_SYNCED","20260715102000_fix_user_deletion_billing_audit.sql"
"20260715103000","YES","YES","HEAD_TRACKED","HEAD_GIT_BLOB","f0fa36c0579a858afee1ef8dddc75052d28737ab","0140f07555c4c4845de853c514f7d0ec","EXACT_REMOTE_STATEMENTS","HISTORICAL_SYNCED","20260715103000_create_community_social_audit_reader.sql"
"20260715104000","YES","YES","HEAD_TRACKED","HEAD_GIT_BLOB","4efb65c34111c3eb18e4a65ed77aeca4df07779a","0dcc49f9e8683c904952a8621a9b888e","EXACT_REMOTE_STATEMENTS","HISTORICAL_SYNCED","20260715104000_harden_community_audit_and_report_contracts.sql"
"20260715105000","YES","YES","HEAD_TRACKED","HEAD_GIT_BLOB","c8096657a82881ac3e5d8d649b5279d279eead9c","298af51c1f104ea6a8dd2892e1f6e883","EXACT_REMOTE_STATEMENTS","HISTORICAL_SYNCED","20260715105000_extend_community_report_targets.sql"
"20260715106000","YES","YES","HEAD_TRACKED","HEAD_GIT_BLOB","cecde6c3f5ec8d8672ad3d64913104517bf0714b","6a24d364f78b648ef527803d4c1d96a0","EXACT_REMOTE_STATEMENTS","HISTORICAL_SYNCED","20260715106000_fix_community_report_guard_privilege_chain.sql"
"20260715107000","YES","YES","HEAD_TRACKED","HEAD_GIT_BLOB","dc0b41e8047cdecb901594eb9d3498d710f71416","0ae90943040b4068b6fcf8d1df9b1d25","EXACT_REMOTE_STATEMENTS","HISTORICAL_SYNCED","20260715107000_create_current_active_ban_reader.sql"
"20260715108000","YES","YES","HEAD_TRACKED","HEAD_GIT_BLOB","78b337338cd88da01afbe26dec3e63a5d8d2de96","96e03d8a8a326990d65e9e35fc9facb6","EXACT_REMOTE_STATEMENTS","HISTORICAL_SYNCED","20260715108000_add_professional_trust_role.sql"
"20260715109000","YES","YES","HEAD_TRACKED","HEAD_GIT_BLOB","adf19181ef68f9c75bfea6dfe823781bd138213a","7421606508faedca8837d965c8649efa","EXACT_REMOTE_STATEMENTS","HISTORICAL_SYNCED","20260715109000_consolidate_trust_commands.sql"
"20260715110000","YES","YES","HEAD_TRACKED","HEAD_GIT_BLOB","0a99791e407eef330f8187bf261ca63fe3b8c49f","1dec523ccdf4d51a5ab49607747c8700","EXACT_REMOTE_STATEMENTS","HISTORICAL_SYNCED","20260715110000_create_review_aggregate_admin_read_model.sql"
"20260715111000","YES","YES","HEAD_TRACKED","HEAD_GIT_BLOB","ad74f7134a79fe38c940796d5507cc59d1cba119","499560a7a60155dfeb43a7cc286397ad","EXACT_REMOTE_STATEMENTS","HISTORICAL_SYNCED","20260715111000_fix_trust_command_rate_limit.sql"
"20260715112000","YES","YES","HEAD_TRACKED","HEAD_GIT_BLOB","0a9bf10f193359fc294823c3473f49b1d672715d","efb38efea3e92a089cb4fd93e8127862","EXACT_REMOTE_STATEMENTS","HISTORICAL_SYNCED","20260715112000_harden_trust_rate_limit_contract.sql"
"20260715113000","YES","YES","HEAD_TRACKED","HEAD_GIT_BLOB","073df80ac2222194d241cb12fe3cf65cee4c6d2f","97049c04c2999ecaa706f28a058e81d3","EXACT_REMOTE_STATEMENTS","HISTORICAL_SYNCED","20260715113000_consolidate_public_media_asset_domains.sql"
"20260717120000","YES","YES","HEAD_TRACKED","HEAD_GIT_BLOB","b4cda97064e5e888c487e2f86849f4261c80bb3a","fa899a84c91bd3bb140ce0ab1fc69fdf","EXACT_REMOTE_STATEMENTS","HISTORICAL_SYNCED","20260717120000_create_cp016_media_backfill_commands.sql"
"20260717121000","YES","YES","HEAD_TRACKED","HEAD_GIT_BLOB","343d034aace477e1b038e44cf81df8f2da134519","7d2fea61e5e2551c19d3c491f577c85d","EXACT_REMOTE_STATEMENTS","HISTORICAL_SYNCED","20260717121000_finalize_cp016_media_cutover.sql"
"20260717130000","YES","YES","HEAD_TRACKED","HEAD_GIT_BLOB+REMOTE_HISTORY_ONLY_FOR_APPLIED_CONTENT","5d4b28ff02511dd7ab917e1db2a2c98d500a0517","af7ee1c56bce6a119e0a6585db58e2fb","REMOTE_CONTENT_UNRECOVERED","REMOTE_CONTENT_UNRECOVERED","20260717130000_consolidate_community_post_media_assets.sql"
"20260717140000","YES","YES","HEAD_TRACKED","HEAD_GIT_BLOB","bac7fc1e30006e128b1a65c07e84d743564712e4","5f1a4b143dc275c120b79ef1a057c8c8","EXACT_REMOTE_STATEMENTS","HISTORICAL_SYNCED","20260717140000_consolidate_coverage_commands.sql"
"20260717141000","YES","YES","HEAD_TRACKED","HEAD_GIT_BLOB","71f495cdcead7d0ccc00fd543740a62ea7aea6e6","00e76fc0c7e293b29cd349b57cf6043f","EXACT_REMOTE_STATEMENTS","HISTORICAL_SYNCED","20260717141000_repair_platform_function_contracts.sql"
"20260717142000","YES","YES","HEAD_TRACKED","HEAD_GIT_BLOB","20fc6ba10d0fb921bca228f4aaeefeeb92a85cb7","bb05bb91117fd2d771e54c36e0b7dcbf","EXACT_REMOTE_STATEMENTS","HISTORICAL_SYNCED","20260717142000_repair_trust_function_contracts.sql"
"20260717143000","YES","YES","HEAD_TRACKED","HEAD_GIT_BLOB","2297daf53525b947c53de9b0af52d34e3e8aed03","deda2aee14825bdecf8c99af413e7b35","EXACT_REMOTE_STATEMENTS","HISTORICAL_SYNCED","20260717143000_harden_privacy_rpc_boundaries.sql"
"20260717144000","YES","YES","HEAD_TRACKED","HEAD_GIT_BLOB","fc46c0301dd1f3fb59e4c8ee9cf0bd75f2f2a411","c46c3c7ad1ce44714093ad03cd86f389","EXACT_REMOTE_STATEMENTS","HISTORICAL_SYNCED","20260717144000_make_privacy_cancellation_idempotent.sql"
"20260717150000","YES","YES","HEAD_TRACKED","HEAD_GIT_BLOB","09774d0915e97399bc9d1b9cf999fb7371515e8d","b6acf12e5d748ed9fc8be23d0e2794bc","EXACT_REMOTE_STATEMENTS","HISTORICAL_SYNCED","20260717150000_consolidate_classifieds_territory_ssot.sql"
"20260718100000","YES","YES","HEAD_TRACKED","HEAD_GIT_BLOB","9317839c8172b81909638ac092e94a75239440b1","2ef137db567722a63029892d58c0cf6c","EXACT_REMOTE_STATEMENTS","HISTORICAL_SYNCED","20260718100000_harden_profile_pii_read_boundaries.sql"
"20260718110000","YES","YES","HEAD_TRACKED","HEAD_GIT_BLOB","d6bff53b195a814e75443672817c0838a39648b7","f720699df9480a71c57b8b27adfd82fc","EXACT_REMOTE_STATEMENTS","HISTORICAL_SYNCED","20260718110000_tighten_profile_private_broker_scope.sql"
"20260718120000","YES","YES","HEAD_TRACKED","HEAD_GIT_BLOB","020c202363c2232dca05c8ab7a53b015e538005e","bec7620d5655d44ec479e518274d6072","EXACT_REMOTE_STATEMENTS","HISTORICAL_SYNCED","20260718120000_enforce_profile_location_visibility.sql"
"20260718130000","YES","YES","HEAD_TRACKED","HEAD_GIT_BLOB","1346aae232c41b7cbdba6c350fa7beb1312137f3","0275733f3cf6b113eed50403733cc6d5","EXACT_REMOTE_STATEMENTS","HISTORICAL_SYNCED","20260718130000_enforce_hidden_profile_location_projection.sql"
"20260718140000","YES","YES","HEAD_TRACKED","HEAD_GIT_BLOB","f0960b774766d22e25e92acfef08afe62037c4d0","18e31122aad0307c879d983e4350749d","EXACT_REMOTE_STATEMENTS","HISTORICAL_SYNCED","20260718140000_add_public_profile_territory_boundary.sql"
"20260718150000","YES","YES","HEAD_TRACKED","HEAD_GIT_BLOB","0962947e207b6f7b084edcfbcaac0e72c64412c8","9ef65eb4114d23a14225797d65f88547","EXACT_REMOTE_STATEMENTS","HISTORICAL_SYNCED","20260718150000_consolidate_profile_verification_core.sql"
"20260718163000","YES","YES","HEAD_TRACKED","HEAD_GIT_BLOB","58070ae79ee70632609d4691181173703a10ed86","92b2eb2e48a5c28cc40d4e9ec91bd62f","EXACT_REMOTE_STATEMENTS","HISTORICAL_SYNCED","20260718163000_harden_profile_verification_transitions.sql"
"20260718170000","YES","YES","HEAD_TRACKED","HEAD_GIT_BLOB","700acd3b8358ae2fb0f2ead4b255012d89705d33","189cb4cde1d39103cecf5a4b4b3f5735","EXACT_REMOTE_STATEMENTS","HISTORICAL_SYNCED","20260718170000_consolidate_entity_contact_channels.sql"
"20260718180000","YES","YES","UNTRACKED","EXACT_GIT_HISTORY:a90c43859d61e05ae3444c9250f27167bfce8116","42359f3c0be9d058abdfd3bd4fa3626f369a5b92","49f882b169f884ccd72b1872e74b38c0","EXACT_REMOTE_STATEMENTS","HISTORICAL_SYNCED","20260718180000_consolidate_professional_review_command.sql"
"20260718181000","YES","YES","UNTRACKED","EXACT_GIT_HISTORY:a90c43859d61e05ae3444c9250f27167bfce8116","fd230139a48d5e99975dadfad66e4140a00ce149","b6e1f93a38cb3420bba3fe0813e4cd4a","EXACT_REMOTE_STATEMENTS","HISTORICAL_SYNCED","20260718181000_extract_professional_review_core_command.sql"
"20260718210000","YES","YES","UNTRACKED","EXACT_GIT_HISTORY:1fad6460820513659ce029370f0e18e67889ae28","0e21b61b6e84d4b90ce91137fb5d3e46bae5b247","2effa4f5076cabeb43692967ff4ca9a2","EXACT_REMOTE_STATEMENTS","HISTORICAL_SYNCED","20260718210000_enforce_private_alpha_access.sql"
"20260718211000","YES","YES","UNTRACKED","EXACT_GIT_HISTORY:1fad6460820513659ce029370f0e18e67889ae28","9cd6998cd14d184c8d391c2860364ee8c55d9041","a61ed71d5eb08d27ac8d52e3b4e32923","EXACT_REMOTE_STATEMENTS","HISTORICAL_SYNCED","20260718211000_require_alpha_invite_for_all_auth_identities.sql"
"20260718212000","YES","YES","UNTRACKED","EXACT_GIT_HISTORY:1fad6460820513659ce029370f0e18e67889ae28","91ae9645968ebce77bcd3d7fc89678b2f41f76e2","4057e2d0be56971256611c2c18071fcf","EXACT_REMOTE_STATEMENTS","HISTORICAL_SYNCED","20260718212000_add_alpha_operational_invite_cleanup.sql"
"20260718230000","YES","YES","UNTRACKED","EXACT_GIT_HISTORY:caf45f4f58d2c4d2add2afc13dee5a650a5cbda7","56af47499e12efe730f0a8cb0624a69290dc6839","8295ec13d94d1c649471f1ca3e1ea22f","EXACT_REMOTE_STATEMENTS","HISTORICAL_SYNCED","20260718230000_add_private_alpha_admission_control.sql"
"20260719010000","YES","YES","UNTRACKED","EXACT_GIT_HISTORY:aad63fe7635db2e7354cac61b69020d26de6b7a8","51f839de2b3c35f983432d1f9708efd0b94b9f94","1f5c1050f62c0930bb465ec027215e4f","EXACT_REMOTE_STATEMENTS","HISTORICAL_SYNCED","20260719010000_list_admin_user_accounts.sql"
"20260719120000","YES","YES","UNTRACKED","EXACT_REMOTE_STATEMENTS_RECOVERY","daa28480f2957abf24ea5d4bd2fac27928a8ecfe","8ee7e4bd179ac1d18c5b73c147e15edb","EXACT_REMOTE_STATEMENTS","HISTORICAL_SYNCED","20260719120000_optimize_rls_auth_initplan.sql"
"20260719121000","YES","YES","UNTRACKED","EXACT_REMOTE_STATEMENTS_RECOVERY","c334ac3ee1b859531b34ffd5dc184163fdbfb89d","57aaec205001753c13be761fd03771dc","EXACT_REMOTE_STATEMENTS","HISTORICAL_SYNCED","20260719121000_drop_duplicate_indexes.sql"
"20260719122000","YES","NO","UNTRACKED","WORKTREE_NEW","f4118b4ed47f2c6b61b8f339e00a0228ab941459","","NOT_APPLIED_REMOTE","LOCAL_PENDING_NEW","20260719122000_reconcile_canonical_salvador.sql"
"20260720100000","YES","NO","HEAD_TRACKED","WORKTREE_NEW","90e2863b76753b70fffbdf8c8b357fb383268a93","","NOT_APPLIED_REMOTE","LOCAL_PENDING_NEW","20260720100000_seed_salvador_neighborhoods_and_top15_communities.sql"
"20260809184409","YES","NO","UNTRACKED","WORKTREE_NEW","8da1299ff6c9548e46972674dc6698d225164607","","NOT_APPLIED_REMOTE","LOCAL_PENDING_NEW","20260809184409_create_authoritative_community_interest_registration.sql"
"20260810151941","YES","NO","UNTRACKED","WORKTREE_NEW","65eed6a05c77f9fc7e7540296801a0fda8ac4cda","","NOT_APPLIED_REMOTE","LOCAL_PENDING_NEW","20260810151941_reconcile_community_poll_additive_compatibility.sql"
